"Individual","Plot","ht.diff","rgr","ind_plot","spp","year","provenance.lat","provenance.long","budburst","leafout","risk","bb.avg","dvr.avg","lo.avg","lo.sd","growthform"
"BETPAP_GR_5",1,92.2,8.58611620287477,"BETPAP_GR_5 1","BETPAP",2019,44.794942,-71.146683,107,127,20,105,50.5,155.5,40.3050865276332,"tree"
"BETPAP_GR_5",1,92.2,8.58611620287477,"BETPAP_GR_5 1","BETPAP",2018,44.794942,-71.146683,103,184,81,105,50.5,155.5,40.3050865276332,"tree"
"ALNINC_SH_1",1,172.7,9.70807694550707,"ALNINC_SH_1 1","ALNINC",2019,45.932675,-74.02507,93,119,26,98,23.5,121.5,3.53553390593274,"tree"
"ALNINC_SH_1",1,172.7,9.70807694550707,"ALNINC_SH_1 1","ALNINC",2018,45.932675,-74.02507,103,124,21,98,23.5,121.5,3.53553390593274,"tree"
"BETPAP_SH_1A",1,147.4,6.59027359757565,"BETPAP_SH_1A 1","BETPAP",2019,45.932675,-74.02507,112,129,17,107.5,21,128.5,0.707106781186548,"tree"
"BETPAP_SH_1A",1,147.4,6.59027359757565,"BETPAP_SH_1A 1","BETPAP",2018,45.932675,-74.02507,103,128,25,107.5,21,128.5,0.707106781186548,"tree"
"ALNINC_GR_11",1,142.71,6.01532476205936,"ALNINC_GR_11 1","ALNINC",2019,44.794942,-71.146683,97,115,18,102,17.5,119.5,6.36396103067893,"tree"
"ALNINC_GR_11",1,142.71,6.01532476205936,"ALNINC_GR_11 1","ALNINC",2018,44.794942,-71.146683,107,124,17,102,17.5,119.5,6.36396103067893,"tree"
"BETPOP_WM_7",1,195.46,6.88725655302068,"BETPOP_WM_7 1","BETPOP",2019,44.112337,-71.230138,97,112,15,100,18,118,8.48528137423857,"tree"
"BETPOP_WM_7",1,195.46,6.88725655302068,"BETPOP_WM_7 1","BETPOP",2018,44.112337,-71.230138,103,124,21,100,18,118,8.48528137423857,"tree"
"BETALL_WM_8",1,170.92,8.11483178645238,"BETALL_WM_8 1","BETALL",2019,44.112337,-71.230138,112,135,23,113,23.5,136.5,2.12132034355964,"tree"
"BETALL_WM_8",1,170.92,8.11483178645238,"BETALL_WM_8 1","BETALL",2018,44.112337,-71.230138,114,138,24,113,23.5,136.5,2.12132034355964,"tree"
"ALNINC_WM_2A",1,251.14,11.0809865291855,"ALNINC_WM_2A 1","ALNINC",2019,44.112337,-71.230138,100,112,12,103.5,14.5,118,8.48528137423857,"tree"
"ALNINC_WM_2A",1,251.14,11.0809865291855,"ALNINC_WM_2A 1","ALNINC",2018,44.112337,-71.230138,107,124,17,103.5,14.5,118,8.48528137423857,"tree"
"BETPOP_HF_3",1,105.4,3.53931457992982,"BETPOP_HF_3 1","BETPOP",2019,42.531705,-72.18992,112,127,15,113,12.5,125.5,2.12132034355964,"tree"
"BETPOP_HF_3",1,105.4,3.53931457992982,"BETPOP_HF_3 1","BETPOP",2018,42.531705,-72.18992,114,124,10,113,12.5,125.5,2.12132034355964,"tree"
"BETALL_GR_13",1,100.7,5.49794373704568,"BETALL_GR_13 1","BETALL",2019,44.794942,-71.146683,107,127,20,110.5,17,127.5,0.707106781186548,"tree"
"BETALL_GR_13",1,100.7,5.49794373704568,"BETALL_GR_13 1","BETALL",2018,44.794942,-71.146683,114,128,14,110.5,17,127.5,0.707106781186548,"tree"
"ALNINC_WM_1",1,249.4,13.0809879203385,"ALNINC_WM_1 1","ALNINC",2019,44.112337,-71.230138,100,123,23,107,16.5,123.5,0.707106781186548,"tree"
"ALNINC_WM_1",1,249.4,13.0809879203385,"ALNINC_WM_1 1","ALNINC",2018,44.112337,-71.230138,114,124,10,107,16.5,123.5,0.707106781186548,"tree"
"ALNINC_HF_2",1,195.37,11.2369361810907,"ALNINC_HF_2 1","ALNINC",2019,42.531705,-72.18992,107,129,22,110.5,16,126.5,3.53553390593274,"tree"
"ALNINC_HF_2",1,195.37,11.2369361810907,"ALNINC_HF_2 1","ALNINC",2018,42.531705,-72.18992,114,124,10,110.5,16,126.5,3.53553390593274,"tree"
"ALNINC_WM_5",1,214.3,8.43846376806834,"ALNINC_WM_5 1","ALNINC",2019,44.112337,-71.230138,97,112,15,105.5,12.5,118,8.48528137423857,"tree"
"ALNINC_WM_5",1,214.3,8.43846376806834,"ALNINC_WM_5 1","ALNINC",2018,44.112337,-71.230138,114,124,10,105.5,12.5,118,8.48528137423857,"tree"
"ALNINC_HF_1",1,149.86,5.95055055513142,"ALNINC_HF_1 1","ALNINC",2019,42.531705,-72.18992,107,119,12,110.5,13,123.5,6.36396103067893,"tree"
"ALNINC_HF_1",1,149.86,5.95055055513142,"ALNINC_HF_1 1","ALNINC",2018,42.531705,-72.18992,114,128,14,110.5,13,123.5,6.36396103067893,"tree"
"BETALL_GR_12",1,219.21,9.47526870898772,"BETALL_GR_12 1","BETALL",2019,44.794942,-71.146683,107,115,8,110.5,9,119.5,6.36396103067893,"tree"
"BETALL_GR_12",1,219.21,9.47526870898772,"BETALL_GR_12 1","BETALL",2018,44.794942,-71.146683,114,124,10,110.5,9,119.5,6.36396103067893,"tree"
"BETPOP_GR_5",1,268,10.3086839654321,"BETPOP_GR_5 1","BETPOP",2019,44.794942,-71.146683,103,119,16,108.5,13,121.5,3.53553390593274,"tree"
"BETPOP_GR_5",1,268,10.3086839654321,"BETPOP_GR_5 1","BETPOP",2018,44.794942,-71.146683,114,124,10,108.5,13,121.5,3.53553390593274,"tree"
"BETPAP_SH_1B",1,242.44,9.38481705182634,"BETPAP_SH_1B 1","BETPAP",2019,45.932675,-74.02507,107,119,12,107,14.5,121.5,3.53553390593274,"tree"
"BETPAP_SH_1B",1,242.44,9.38481705182634,"BETPAP_SH_1B 1","BETPAP",2018,45.932675,-74.02507,107,124,17,107,14.5,121.5,3.53553390593274,"tree"
"ALNINC_WM_2B",1,185.01,7.0809613331795,"ALNINC_WM_2B 1","ALNINC",2019,44.112337,-71.230138,103,119,16,103,18.5,121.5,3.53553390593274,"tree"
"ALNINC_WM_2B",1,185.01,7.0809613331795,"ALNINC_WM_2B 1","ALNINC",2018,44.112337,-71.230138,103,124,21,103,18.5,121.5,3.53553390593274,"tree"
"ALNINC_SH_4",2,140.65,4.28924755136623,"ALNINC_SH_4 2","ALNINC",2019,45.932675,-74.02507,100,123,23,103.5,20,123.5,0.707106781186548,"tree"
"ALNINC_SH_4",2,140.65,4.28924755136623,"ALNINC_SH_4 2","ALNINC",2018,45.932675,-74.02507,107,124,17,103.5,20,123.5,0.707106781186548,"tree"
"ALNINC_SH_5",2,120.25,6.57151554879817,"ALNINC_SH_5 2","ALNINC",2019,45.932675,-74.02507,97,129,32,105.5,21,126.5,3.53553390593274,"tree"
"ALNINC_SH_5",2,120.25,6.57151554879817,"ALNINC_SH_5 2","ALNINC",2018,45.932675,-74.02507,114,124,10,105.5,21,126.5,3.53553390593274,"tree"
"BETPAP_GR_5A",2,170.4,10.4808148002089,"BETPAP_GR_5A 2","BETPAP",2019,44.794942,-71.146683,112,127,15,106,19.5,125.5,2.12132034355964,"tree"
"BETPAP_GR_5A",2,170.4,10.4808148002089,"BETPAP_GR_5A 2","BETPAP",2018,44.794942,-71.146683,100,124,24,106,19.5,125.5,2.12132034355964,"tree"
"BETALL_GR_13",2,10,0.764313801067971,"BETALL_GR_13 2","BETALL",2019,44.794942,-71.146683,107,123,16,110.5,15,125.5,3.53553390593274,"tree"
"BETALL_GR_13",2,10,0.764313801067971,"BETALL_GR_13 2","BETALL",2018,44.794942,-71.146683,114,128,14,110.5,15,125.5,3.53553390593274,"tree"
"ALNINC_WM_5A",2,39.2,1.63424316612588,"ALNINC_WM_5A 2","ALNINC",2019,44.112337,-71.230138,100,123,23,100,23.5,123.5,0.707106781186548,"tree"
"ALNINC_WM_5A",2,39.2,1.63424316612588,"ALNINC_WM_5A 2","ALNINC",2018,44.112337,-71.230138,100,124,24,100,23.5,123.5,0.707106781186548,"tree"
"BETPAP_HF_16",2,257.8,8.30374045743707,"BETPAP_HF_16 2","BETPAP",2019,42.531705,-72.18992,107,115,8,105,14.5,119.5,6.36396103067893,"tree"
"BETPAP_HF_16",2,257.8,8.30374045743707,"BETPAP_HF_16 2","BETPAP",2018,42.531705,-72.18992,103,124,21,105,14.5,119.5,6.36396103067893,"tree"
"BETPOP_HF_5",2,91.6,9.53902002619938,"BETPOP_HF_5 2","BETPOP",2019,42.531705,-72.18992,103,115,12,103,16.5,119.5,6.36396103067893,"tree"
"BETPOP_HF_5",2,91.6,9.53902002619938,"BETPOP_HF_5 2","BETPOP",2018,42.531705,-72.18992,103,124,21,103,16.5,119.5,6.36396103067893,"tree"
"BETPOP_WM_7",2,261.6,8.07968504722,"BETPOP_WM_7 2","BETPOP",2019,44.112337,-71.230138,103,119,16,106.5,15,121.5,3.53553390593274,"tree"
"BETPOP_WM_7",2,261.6,8.07968504722,"BETPOP_WM_7 2","BETPOP",2018,44.112337,-71.230138,110,124,14,106.5,15,121.5,3.53553390593274,"tree"
"ACEPEN_WM_5",2,4,0.344861760711694,"ACEPEN_WM_5 2","ACEPEN",2018,44.112337,-71.230138,103,131,28,103,28,131,NA,"tree"
"BETPAP_GR_5B",2,1.7,0.512932943875506,"BETPAP_GR_5B 2","BETPAP",2019,44.794942,-71.146683,100,155,55,101.5,45,146.5,12.0208152801713,"tree"
"BETPAP_GR_5B",2,1.7,0.512932943875506,"BETPAP_GR_5B 2","BETPAP",2018,44.794942,-71.146683,103,138,35,101.5,45,146.5,12.0208152801713,"tree"
"ALNINC_HF_9",2,84.4,2.92705693988321,"ALNINC_HF_9 2","ALNINC",2019,42.531705,-72.18992,100,129,29,105,23.5,128.5,0.707106781186548,"tree"
"ALNINC_HF_9",2,84.4,2.92705693988321,"ALNINC_HF_9 2","ALNINC",2018,42.531705,-72.18992,110,128,18,105,23.5,128.5,0.707106781186548,"tree"
"BETPOP_HF_1",2,144.6,5.51729081363152,"BETPOP_HF_1 2","BETPOP",2019,42.531705,-72.18992,103,119,16,105,16.5,121.5,3.53553390593274,"tree"
"BETPOP_HF_1",2,144.6,5.51729081363152,"BETPOP_HF_1 2","BETPOP",2018,42.531705,-72.18992,107,124,17,105,16.5,121.5,3.53553390593274,"tree"
"AMECAN_GR_10",2,-18.6,-1.93750252617577,"AMECAN_GR_10 2","AMECAN",2019,44.794942,-71.146683,112,135,23,104,25.5,129.5,7.77817459305202,"shrub"
"AMECAN_GR_10",2,-18.6,-1.93750252617577,"AMECAN_GR_10 2","AMECAN",2018,44.794942,-71.146683,96,124,28,104,25.5,129.5,7.77817459305202,"shrub"
"ALNINC_WM_5B",2,131.8,5.22207019256137,"ALNINC_WM_5B 2","ALNINC",2019,44.112337,-71.230138,103,119,16,108.5,15,123.5,6.36396103067893,"tree"
"ALNINC_WM_5B",2,131.8,5.22207019256137,"ALNINC_WM_5B 2","ALNINC",2018,44.112337,-71.230138,114,128,14,108.5,15,123.5,6.36396103067893,"tree"
"BETALL_GR_9",3,135.1,6.61756840966276,"BETALL_GR_9 3","BETALL",2019,44.794942,-71.146683,103,127,24,108.5,19,127.5,0.707106781186548,"tree"
"BETALL_GR_9",3,135.1,6.61756840966276,"BETALL_GR_9 3","BETALL",2018,44.794942,-71.146683,114,128,14,108.5,19,127.5,0.707106781186548,"tree"
"BETPAP_HF_16",3,222.1,12.450976483056,"BETPAP_HF_16 3","BETPAP",2019,42.531705,-72.18992,103,119,16,106.5,15,121.5,3.53553390593274,"tree"
"BETPAP_HF_16",3,222.1,12.450976483056,"BETPAP_HF_16 3","BETPAP",2018,42.531705,-72.18992,110,124,14,106.5,15,121.5,3.53553390593274,"tree"
"AMECAN_GR_10A",3,57.6,4.92968006365984,"AMECAN_GR_10A 3","AMECAN",2019,44.794942,-71.146683,97,112,15,95,23,118,8.48528137423857,"shrub"
"AMECAN_GR_10A",3,57.6,4.92968006365984,"AMECAN_GR_10A 3","AMECAN",2018,44.794942,-71.146683,93,124,31,95,23,118,8.48528137423857,"shrub"
"ALNINC_GR_11A",3,252.2,12.8993979479766,"ALNINC_GR_11A 3","ALNINC",2019,44.794942,-71.146683,97,112,15,100,18,118,8.48528137423857,"tree"
"ALNINC_GR_11A",3,252.2,12.8993979479766,"ALNINC_GR_11A 3","ALNINC",2018,44.794942,-71.146683,103,124,21,100,18,118,8.48528137423857,"tree"
"BETALL_SH_4",3,161.2,7.60066340303674,"BETALL_SH_4 3","BETALL",2019,45.932675,-74.02507,107,135,28,105,28,133,2.82842712474619,"tree"
"BETALL_SH_4",3,161.2,7.60066340303674,"BETALL_SH_4 3","BETALL",2018,45.932675,-74.02507,103,131,28,105,28,133,2.82842712474619,"tree"
"BETPOP_GR_5A",3,203.4,9.4842815711297,"BETPOP_GR_5A 3","BETPOP",2019,44.794942,-71.146683,112,129,17,107.5,19,126.5,3.53553390593274,"tree"
"BETPOP_GR_5A",3,203.4,9.4842815711297,"BETPOP_GR_5A 3","BETPOP",2018,44.794942,-71.146683,103,124,21,107.5,19,126.5,3.53553390593274,"tree"
"BETALL_GR_12",3,227,11.7176181296633,"BETALL_GR_12 3","BETALL",2019,44.794942,-71.146683,107,123,16,110.5,13,123.5,0.707106781186548,"tree"
"BETALL_GR_12",3,227,11.7176181296633,"BETALL_GR_12 3","BETALL",2018,44.794942,-71.146683,114,124,10,110.5,13,123.5,0.707106781186548,"tree"
"ALNINC_SH_5",3,17.2,1.06934080105257,"ALNINC_SH_5 3","ALNINC",2019,45.932675,-74.02507,103,123,20,108.5,15,123.5,0.707106781186548,"tree"
"ALNINC_SH_5",3,17.2,1.06934080105257,"ALNINC_SH_5 3","ALNINC",2018,45.932675,-74.02507,114,124,10,108.5,15,123.5,0.707106781186548,"tree"
"BETPAP_GR_8",3,119.2,11.4301210453625,"BETPAP_GR_8 3","BETPAP",2019,44.794942,-71.146683,112,123,11,107.5,16,123.5,0.707106781186548,"tree"
"BETPAP_GR_8",3,119.2,11.4301210453625,"BETPAP_GR_8 3","BETPAP",2018,44.794942,-71.146683,103,124,21,107.5,16,123.5,0.707106781186548,"tree"
"AMECAN_GR_10B",3,68.4,4.8146571675252,"AMECAN_GR_10B 3","AMECAN",2019,44.794942,-71.146683,93,112,19,94.5,23.5,118,8.48528137423857,"shrub"
"AMECAN_GR_10B",3,68.4,4.8146571675252,"AMECAN_GR_10B 3","AMECAN",2018,44.794942,-71.146683,96,124,28,94.5,23.5,118,8.48528137423857,"shrub"
"BETALL_GR_1",3,158,7.13363063021238,"BETALL_GR_1 3","BETALL",2019,44.794942,-71.146683,112,135,23,113,18.5,131.5,4.94974746830583,"tree"
"BETALL_GR_1",3,158,7.13363063021238,"BETALL_GR_1 3","BETALL",2018,44.794942,-71.146683,114,128,14,113,18.5,131.5,4.94974746830583,"tree"
"BETPOP_HF_1",3,219.6,10.8780137256389,"BETPOP_HF_1 3","BETPOP",2019,42.531705,-72.18992,112,119,7,113,8.5,121.5,3.53553390593274,"tree"
"BETPOP_HF_1",3,219.6,10.8780137256389,"BETPOP_HF_1 3","BETPOP",2018,42.531705,-72.18992,114,124,10,113,8.5,121.5,3.53553390593274,"tree"
"ALNINC_GR_1",3,178.4,7.64539573294188,"ALNINC_GR_1 3","ALNINC",2019,44.794942,-71.146683,100,119,19,103.5,18,121.5,3.53553390593274,"tree"
"ALNINC_GR_1",3,178.4,7.64539573294188,"ALNINC_GR_1 3","ALNINC",2018,44.794942,-71.146683,107,124,17,103.5,18,121.5,3.53553390593274,"tree"
"BETPOP_GR_5B",3,236.2,9.61491633861567,"BETPOP_GR_5B 3","BETPOP",2019,44.794942,-71.146683,112,129,17,113,13.5,126.5,3.53553390593274,"tree"
"BETPOP_GR_5B",3,236.2,9.61491633861567,"BETPOP_GR_5B 3","BETPOP",2018,44.794942,-71.146683,114,124,10,113,13.5,126.5,3.53553390593274,"tree"
"ALNINC_GR_11B",3,157.4,6.86853893584156,"ALNINC_GR_11B 3","ALNINC",2019,44.794942,-71.146683,97,119,22,100,21.5,121.5,3.53553390593274,"tree"
"ALNINC_GR_11B",3,157.4,6.86853893584156,"ALNINC_GR_11B 3","ALNINC",2018,44.794942,-71.146683,103,124,21,100,21.5,121.5,3.53553390593274,"tree"
"BETPOP_WM_7",3,241.4,7.48816849547295,"BETPOP_WM_7 3","BETPOP",2019,44.112337,-71.230138,103,119,16,106.5,15,121.5,3.53553390593274,"tree"
"BETPOP_WM_7",3,241.4,7.48816849547295,"BETPOP_WM_7 3","BETPOP",2018,44.112337,-71.230138,110,124,14,106.5,15,121.5,3.53553390593274,"tree"
"ALNINC_GR_8",3,215.8,7.55493184825294,"ALNINC_GR_8 3","ALNINC",2019,44.794942,-71.146683,97,119,22,102,19.5,121.5,3.53553390593274,"tree"
"ALNINC_GR_8",3,215.8,7.55493184825294,"ALNINC_GR_8 3","ALNINC",2018,44.794942,-71.146683,107,124,17,102,19.5,121.5,3.53553390593274,"tree"
"VIBCAS_SH_1",4,65.6,6.65387910925671,"VIBCAS_SH_1 4","VIBCAS",2019,45.932675,-74.02507,100,115,15,100,18.5,118.5,4.94974746830583,"shrub"
"VIBCAS_SH_1",4,65.6,6.65387910925671,"VIBCAS_SH_1 4","VIBCAS",2018,45.932675,-74.02507,100,122,22,100,18.5,118.5,4.94974746830583,"shrub"
"VIBCAS_GR_9",4,54.2,6.69993875585228,"VIBCAS_GR_9 4","VIBCAS",2019,44.794942,-71.146683,103,112,9,103,14,117,7.07106781186548,"shrub"
"VIBCAS_GR_9",4,54.2,6.69993875585228,"VIBCAS_GR_9 4","VIBCAS",2018,44.794942,-71.146683,103,122,19,103,14,117,7.07106781186548,"shrub"
"SPIALB_GR_12",4,-21.2,-2.18524605457915,"SPIALB_GR_12 4","SPIALB",2019,44.794942,-71.146683,97,112,15,93,24,117,7.07106781186548,"shrub"
"SPIALB_GR_12",4,-21.2,-2.18524605457915,"SPIALB_GR_12 4","SPIALB",2018,44.794942,-71.146683,89,122,33,93,24,117,7.07106781186548,"shrub"
"SPITOM_WM_5A",4,-23.4,-1.54558759816599,"SPITOM_WM_5A 4","SPITOM",2019,44.112337,-71.230138,100,115,15,96.5,23,119.5,6.36396103067893,"shrub"
"SPITOM_WM_5A",4,-23.4,-1.54558759816599,"SPITOM_WM_5A 4","SPITOM",2018,44.112337,-71.230138,93,124,31,96.5,23,119.5,6.36396103067893,"shrub"
"SPIALB_WM_2A",4,-29.4,-3.62905493689369,"SPIALB_WM_2A 4","SPIALB",2019,44.112337,-71.230138,97,115,18,96.5,23,119.5,6.36396103067893,"shrub"
"SPIALB_WM_2A",4,-29.4,-3.62905493689369,"SPIALB_WM_2A 4","SPIALB",2018,44.112337,-71.230138,96,124,28,96.5,23,119.5,6.36396103067893,"shrub"
"MYRGAL_SH_1A",4,12.6,1.69076330043934,"MYRGAL_SH_1A 4","MYRGAL",2019,45.932675,-74.02507,112,119,7,113,8.5,121.5,3.53553390593274,"shrub"
"MYRGAL_SH_1A",4,12.6,1.69076330043934,"MYRGAL_SH_1A 4","MYRGAL",2018,45.932675,-74.02507,114,124,10,113,8.5,121.5,3.53553390593274,"shrub"
"AROMEL_WM_2",4,43.6,6.62510211098056,"AROMEL_WM_2 4","AROMEL",2019,44.112337,-71.230138,93,129,36,96.5,30,126.5,3.53553390593274,"shrub"
"AROMEL_WM_2",4,43.6,6.62510211098056,"AROMEL_WM_2 4","AROMEL",2018,44.112337,-71.230138,100,124,24,96.5,30,126.5,3.53553390593274,"shrub"
"SPIALB_SH_9A",4,-61.6,-10.6919840346182,"SPIALB_SH_9A 4","SPIALB",2019,45.932675,-74.02507,93,112,19,93,24,117,7.07106781186548,"shrub"
"SPIALB_SH_9A",4,-61.6,-10.6919840346182,"SPIALB_SH_9A 4","SPIALB",2018,45.932675,-74.02507,93,122,29,93,24,117,7.07106781186548,"shrub"
"SPITOM_WM_5B",4,36.6,5.45916943577261,"SPITOM_WM_5B 4","SPITOM",2019,44.112337,-71.230138,97,115,18,95,24.5,119.5,6.36396103067893,"shrub"
"SPITOM_WM_5B",4,36.6,5.45916943577261,"SPITOM_WM_5B 4","SPITOM",2018,44.112337,-71.230138,93,124,31,95,24.5,119.5,6.36396103067893,"shrub"
"MYRGAL_SH_2A",4,7,1.02278849120419,"MYRGAL_SH_2A 4","MYRGAL",2019,45.932675,-74.02507,112,115,3,113,6.5,119.5,6.36396103067893,"shrub"
"MYRGAL_SH_2A",4,7,1.02278849120419,"MYRGAL_SH_2A 4","MYRGAL",2018,45.932675,-74.02507,114,124,10,113,6.5,119.5,6.36396103067893,"shrub"
"MYRGAL_GR_8A",4,26.6,4.96226824344838,"MYRGAL_GR_8A 4","MYRGAL",2019,44.794942,-71.146683,112,119,7,114,11,125,8.48528137423857,"shrub"
"MYRGAL_GR_8A",4,26.6,4.96226824344838,"MYRGAL_GR_8A 4","MYRGAL",2018,44.794942,-71.146683,116,131,15,114,11,125,8.48528137423857,"shrub"
"SPIALB_HF_1",4,-17.4,-1.65304302939378,"SPIALB_HF_1 4","SPIALB",2019,42.531705,-72.18992,93,112,19,93,24,117,7.07106781186548,"shrub"
"SPIALB_HF_1",4,-17.4,-1.65304302939378,"SPIALB_HF_1 4","SPIALB",2018,42.531705,-72.18992,93,122,29,93,24,117,7.07106781186548,"shrub"
"SPIALB_WM_2B",4,49.2,4.42478955855645,"SPIALB_WM_2B 4","SPIALB",2019,44.112337,-71.230138,97,115,18,95,24.5,119.5,6.36396103067893,"shrub"
"SPIALB_WM_2B",4,49.2,4.42478955855645,"SPIALB_WM_2B 4","SPIALB",2018,44.112337,-71.230138,93,124,31,95,24.5,119.5,6.36396103067893,"shrub"
"SPITOM_SH_99",4,79.6,8.80185727232039,"SPITOM_SH_99 4","SPITOM",2019,45.932675,-74.02507,100,119,19,96.5,25,121.5,3.53553390593274,"shrub"
"SPITOM_SH_99",4,79.6,8.80185727232039,"SPITOM_SH_99 4","SPITOM",2018,45.932675,-74.02507,93,124,31,96.5,25,121.5,3.53553390593274,"shrub"
"MYRGAL_GR_8B",4,28.9,5.88094404556802,"MYRGAL_GR_8B 4","MYRGAL",2019,44.794942,-71.146683,123,150,27,119.5,21,140.5,13.4350288425444,"shrub"
"MYRGAL_GR_8B",4,28.9,5.88094404556802,"MYRGAL_GR_8B 4","MYRGAL",2018,44.794942,-71.146683,116,131,15,119.5,21,140.5,13.4350288425444,"shrub"
"SPITOM_SH_9",4,63.4,7.51482757572909,"SPITOM_SH_9 4","SPITOM",2019,45.932675,-74.02507,107,119,12,101.5,20,121.5,3.53553390593274,"shrub"
"SPITOM_SH_9",4,63.4,7.51482757572909,"SPITOM_SH_9 4","SPITOM",2018,45.932675,-74.02507,96,124,28,101.5,20,121.5,3.53553390593274,"shrub"
"SPITOM_WM_5C",4,70.6,8.75799370519418,"SPITOM_WM_5C 4","SPITOM",2019,44.112337,-71.230138,97,115,18,96.5,23,119.5,6.36396103067893,"shrub"
"SPITOM_WM_5C",4,70.6,8.75799370519418,"SPITOM_WM_5C 4","SPITOM",2018,44.112337,-71.230138,96,124,28,96.5,23,119.5,6.36396103067893,"shrub"
"SPIALB_SH_8",4,67,6.2121204876727,"SPIALB_SH_8 4","SPIALB",2019,45.932675,-74.02507,93,112,19,93,24,117,7.07106781186548,"shrub"
"SPIALB_SH_8",4,67,6.2121204876727,"SPIALB_SH_8 4","SPIALB",2018,45.932675,-74.02507,93,122,29,93,24,117,7.07106781186548,"shrub"
"MYRGAL_SH_1B",4,121.8,10.5364914792198,"MYRGAL_SH_1B 4","MYRGAL",2019,45.932675,-74.02507,112,135,23,112,23,135,NA,"shrub"
"SPIALB_GR_3",4,74.8,5.88262402304051,"SPIALB_GR_3 4","SPIALB",2019,44.794942,-71.146683,97,112,15,95,23,118,8.48528137423857,"shrub"
"SPIALB_GR_3",4,74.8,5.88262402304051,"SPIALB_GR_3 4","SPIALB",2018,44.794942,-71.146683,93,124,31,95,23,118,8.48528137423857,"shrub"
"VIBCAS_WM_4",4,74.6,7.22540479256577,"VIBCAS_WM_4 4","VIBCAS",2019,44.112337,-71.230138,103,115,12,103,16.5,119.5,6.36396103067893,"shrub"
"VIBCAS_WM_4",4,74.6,7.22540479256577,"VIBCAS_WM_4 4","VIBCAS",2018,44.112337,-71.230138,103,124,21,103,16.5,119.5,6.36396103067893,"shrub"
"VIBCAS_GR_12A",4,38.5,3.68169323364468,"VIBCAS_GR_12A 4","VIBCAS",2019,44.794942,-71.146683,100,115,15,101.5,18,119.5,6.36396103067893,"shrub"
"VIBCAS_GR_12A",4,38.5,3.68169323364468,"VIBCAS_GR_12A 4","VIBCAS",2018,44.794942,-71.146683,103,124,21,101.5,18,119.5,6.36396103067893,"shrub"
"MYRGAL_WM_6A",4,47.3,7.98507696217771,"MYRGAL_WM_6A 4","MYRGAL",2019,44.112337,-71.230138,112,127,15,113,16,129,2.82842712474619,"shrub"
"MYRGAL_WM_6A",4,47.3,7.98507696217771,"MYRGAL_WM_6A 4","MYRGAL",2018,44.112337,-71.230138,114,131,17,113,16,129,2.82842712474619,"shrub"
"AROMEL_WM_15",4,29,3.68907512374367,"AROMEL_WM_15 4","AROMEL",2019,44.112337,-71.230138,97,129,32,96.5,30,126.5,3.53553390593274,"shrub"
"AROMEL_WM_15",4,29,3.68907512374367,"AROMEL_WM_15 4","AROMEL",2018,44.112337,-71.230138,96,124,28,96.5,30,126.5,3.53553390593274,"shrub"
"SPIALB_SH_4A",4,99.2,7.84954729813069,"SPIALB_SH_4A 4","SPIALB",2019,45.932675,-74.02507,93,112,19,93,24,117,7.07106781186548,"shrub"
"SPIALB_SH_4A",4,99.2,7.84954729813069,"SPIALB_SH_4A 4","SPIALB",2018,45.932675,-74.02507,93,122,29,93,24,117,7.07106781186548,"shrub"
"SPIALB_SH_7",4,84.1,6.78607814232006,"SPIALB_SH_7 4","SPIALB",2019,45.932675,-74.02507,93,115,22,93,25.5,118.5,4.94974746830583,"shrub"
"SPIALB_SH_7",4,84.1,6.78607814232006,"SPIALB_SH_7 4","SPIALB",2018,45.932675,-74.02507,93,122,29,93,25.5,118.5,4.94974746830583,"shrub"
"MYRGAL_WM_6B",4,8.8,1.30361817863244,"MYRGAL_WM_6B 4","MYRGAL",2019,44.112337,-71.230138,112,127,15,113,12.5,125.5,2.12132034355964,"shrub"
"MYRGAL_WM_6B",4,8.8,1.30361817863244,"MYRGAL_WM_6B 4","MYRGAL",2018,44.112337,-71.230138,114,124,10,113,12.5,125.5,2.12132034355964,"shrub"
"SPIALB_GR_7",4,21.4,1.70932909829945,"SPIALB_GR_7 4","SPIALB",2019,44.794942,-71.146683,93,112,19,93,25,118,8.48528137423857,"shrub"
"SPIALB_GR_7",4,21.4,1.70932909829945,"SPIALB_GR_7 4","SPIALB",2018,44.794942,-71.146683,93,124,31,93,25,118,8.48528137423857,"shrub"
"SPIALB_SH_4B",4,48.2,4.58769261809937,"SPIALB_SH_4B 4","SPIALB",2019,45.932675,-74.02507,93,115,22,91,28.5,119.5,6.36396103067893,"shrub"
"SPIALB_SH_4B",4,48.2,4.58769261809937,"SPIALB_SH_4B 4","SPIALB",2018,45.932675,-74.02507,89,124,35,91,28.5,119.5,6.36396103067893,"shrub"
"SPIALB_WM_7A",4,64.6,5.84231348699841,"SPIALB_WM_7A 4","SPIALB",2019,44.112337,-71.230138,97,112,15,95,23,118,8.48528137423857,"shrub"
"SPIALB_WM_7A",4,64.6,5.84231348699841,"SPIALB_WM_7A 4","SPIALB",2018,44.112337,-71.230138,93,124,31,95,23,118,8.48528137423857,"shrub"
"VIBCAS_GR_12B",4,55.4,4.57107016757568,"VIBCAS_GR_12B 4","VIBCAS",2019,44.794942,-71.146683,103,115,12,101.5,18,119.5,6.36396103067893,"shrub"
"VIBCAS_GR_12B",4,55.4,4.57107016757568,"VIBCAS_GR_12B 4","VIBCAS",2018,44.794942,-71.146683,100,124,24,101.5,18,119.5,6.36396103067893,"shrub"
"MYRGAL_GR_8C",4,27.2,4.66175350028252,"MYRGAL_GR_8C 4","MYRGAL",2019,44.794942,-71.146683,112,NA,NA,113,10,124,NA,"shrub"
"MYRGAL_GR_8C",4,27.2,4.66175350028252,"MYRGAL_GR_8C 4","MYRGAL",2018,44.794942,-71.146683,114,124,10,113,10,124,NA,"shrub"
"SPIALB_HF_8",4,72.1,5.93892222464604,"SPIALB_HF_8 4","SPIALB",2019,42.531705,-72.18992,93,112,19,93,25,118,8.48528137423857,"shrub"
"SPIALB_HF_8",4,72.1,5.93892222464604,"SPIALB_HF_8 4","SPIALB",2018,42.531705,-72.18992,93,124,31,93,25,118,8.48528137423857,"shrub"
"SPITOM_WM_5D",4,39.8,4.24780897407456,"SPITOM_WM_5D 4","SPITOM",2019,44.112337,-71.230138,97,119,22,95,26.5,121.5,3.53553390593274,"shrub"
"SPITOM_WM_5D",4,39.8,4.24780897407456,"SPITOM_WM_5D 4","SPITOM",2018,44.112337,-71.230138,93,124,31,95,26.5,121.5,3.53553390593274,"shrub"
"SPIALB_SH_1",4,54.5,5.98588597934933,"SPIALB_SH_1 4","SPIALB",2019,45.932675,-74.02507,97,112,15,95,23,118,8.48528137423857,"shrub"
"SPIALB_SH_1",4,54.5,5.98588597934933,"SPIALB_SH_1 4","SPIALB",2018,45.932675,-74.02507,93,124,31,95,23,118,8.48528137423857,"shrub"
"MYRGAL_SH_2B",4,21.4,3.52714542722635,"MYRGAL_SH_2B 4","MYRGAL",2019,45.932675,-74.02507,112,129,17,114,12.5,126.5,3.53553390593274,"shrub"
"MYRGAL_SH_2B",4,21.4,3.52714542722635,"MYRGAL_SH_2B 4","MYRGAL",2018,45.932675,-74.02507,116,124,8,114,12.5,126.5,3.53553390593274,"shrub"
"VIBCAS_SH_5",4,73.2,5.6315144276773,"VIBCAS_SH_5 4","VIBCAS",2019,45.932675,-74.02507,103,112,9,103,15,118,8.48528137423857,"shrub"
"VIBCAS_SH_5",4,73.2,5.6315144276773,"VIBCAS_SH_5 4","VIBCAS",2018,45.932675,-74.02507,103,124,21,103,15,118,8.48528137423857,"shrub"
"MYRGAL_GR_8D",4,32.8,5.45611739851406,"MYRGAL_GR_8D 4","MYRGAL",2019,44.794942,-71.146683,112,135,23,113,18.5,131.5,4.94974746830583,"shrub"
"MYRGAL_GR_8D",4,32.8,5.45611739851406,"MYRGAL_GR_8D 4","MYRGAL",2018,44.794942,-71.146683,114,128,14,113,18.5,131.5,4.94974746830583,"shrub"
"SPIALB_WM_7B",4,39.8,3.10765242634655,"SPIALB_WM_7B 4","SPIALB",2019,44.112337,-71.230138,93,112,19,93,24,117,7.07106781186548,"shrub"
"SPIALB_WM_7B",4,39.8,3.10765242634655,"SPIALB_WM_7B 4","SPIALB",2018,44.112337,-71.230138,93,122,29,93,24,117,7.07106781186548,"shrub"
"SPITOM_WM_5E",4,55.2,7.79089610360669,"SPITOM_WM_5E 4","SPITOM",2019,44.112337,-71.230138,103,119,16,99.5,22,121.5,3.53553390593274,"shrub"
"SPITOM_WM_5E",4,55.2,7.79089610360669,"SPITOM_WM_5E 4","SPITOM",2018,44.112337,-71.230138,96,124,28,99.5,22,121.5,3.53553390593274,"shrub"
"AROMEL_WM_5",4,2.4,0.75507552508145,"AROMEL_WM_5 4","AROMEL",2019,44.112337,-71.230138,NA,142,NA,NA,NA,142,NA,"shrub"
"SPIALB_SH_9B",4,46.6,4.31361452411744,"SPIALB_SH_9B 4","SPIALB",2019,45.932675,-74.02507,97,115,18,95,23.5,118.5,4.94974746830583,"shrub"
"SPIALB_SH_9B",4,46.6,4.31361452411744,"SPIALB_SH_9B 4","SPIALB",2018,45.932675,-74.02507,93,122,29,95,23.5,118.5,4.94974746830583,"shrub"
"VIBCAS_GR_10",4,37.6,4.43315332239262,"VIBCAS_GR_10 4","VIBCAS",2019,44.794942,-71.146683,97,115,18,100,19.5,119.5,6.36396103067893,"shrub"
"VIBCAS_GR_10",4,37.6,4.43315332239262,"VIBCAS_GR_10 4","VIBCAS",2018,44.794942,-71.146683,103,124,21,100,19.5,119.5,6.36396103067893,"shrub"
"BETPAP_GR_8",5,169.3,11.6096253645201,"BETPAP_GR_8 5","BETPAP",2019,44.794942,-71.146683,100,119,19,98,29,127,11.3137084989848,"tree"
"BETPAP_GR_8",5,169.3,11.6096253645201,"BETPAP_GR_8 5","BETPAP",2018,44.794942,-71.146683,96,135,39,98,29,127,11.3137084989848,"tree"
"BETALL_WM_8A",5,270.9,9.40196252727709,"BETALL_WM_8A 5","BETALL",2019,44.112337,-71.230138,107,123,16,105,22,127,5.65685424949238,"tree"
"BETALL_WM_8A",5,270.9,9.40196252727709,"BETALL_WM_8A 5","BETALL",2018,44.112337,-71.230138,103,131,28,105,22,127,5.65685424949238,"tree"
"BETALL_WM_9",5,205.3,7.21325209349104,"BETALL_WM_9 5","BETALL",2019,44.112337,-71.230138,107,127,20,110.5,18.5,129,2.82842712474619,"tree"
"BETALL_WM_9",5,205.3,7.21325209349104,"BETALL_WM_9 5","BETALL",2018,44.112337,-71.230138,114,131,17,110.5,18.5,129,2.82842712474619,"tree"
"AMECAN_GR_10A",5,-12.4,-1.74599510700045,"AMECAN_GR_10A 5","AMECAN",2019,44.794942,-71.146683,119,135,16,111,18.5,129.5,7.77817459305202,"shrub"
"AMECAN_GR_10A",5,-12.4,-1.74599510700045,"AMECAN_GR_10A 5","AMECAN",2018,44.794942,-71.146683,103,124,21,111,18.5,129.5,7.77817459305202,"shrub"
"ALNINC_GR_8A",5,298.43,13.3764896048301,"ALNINC_GR_8A 5","ALNINC",2019,44.794942,-71.146683,107,129,22,110.5,16,126.5,3.53553390593274,"tree"
"ALNINC_GR_8A",5,298.43,13.3764896048301,"ALNINC_GR_8A 5","ALNINC",2018,44.794942,-71.146683,114,124,10,110.5,16,126.5,3.53553390593274,"tree"
"ALNINC_GR_1",5,166.6,6.69971172212023,"ALNINC_GR_1 5","ALNINC",2019,44.794942,-71.146683,97,119,22,100,23.5,123.5,6.36396103067893,"tree"
"ALNINC_GR_1",5,166.6,6.69971172212023,"ALNINC_GR_1 5","ALNINC",2018,44.794942,-71.146683,103,128,25,100,23.5,123.5,6.36396103067893,"tree"
"AMECAN_SH_4",5,49.9,4.04465607775081,"AMECAN_SH_4 5","AMECAN",2019,45.932675,-74.02507,93,112,19,94.5,23.5,118,8.48528137423857,"shrub"
"AMECAN_SH_4",5,49.9,4.04465607775081,"AMECAN_SH_4 5","AMECAN",2018,45.932675,-74.02507,96,124,28,94.5,23.5,118,8.48528137423857,"shrub"
"ALNINC_GR_8B",5,159.4,6.18460672086934,"ALNINC_GR_8B 5","ALNINC",2019,44.794942,-71.146683,97,119,22,102,19.5,121.5,3.53553390593274,"tree"
"ALNINC_GR_8B",5,159.4,6.18460672086934,"ALNINC_GR_8B 5","ALNINC",2018,44.794942,-71.146683,107,124,17,102,19.5,121.5,3.53553390593274,"tree"
"QUERUB_HF_9",5,146.3,15.4241725135781,"QUERUB_HF_9 5","QUERUB",2019,42.531705,-72.18992,NA,123,NA,103,21,123.5,0.707106781186548,"tree"
"QUERUB_HF_9",5,146.3,15.4241725135781,"QUERUB_HF_9 5","QUERUB",2018,42.531705,-72.18992,103,124,21,103,21,123.5,0.707106781186548,"tree"
"AMECAN_GR_10B",5,-7.8,-0.80538862484012,"AMECAN_GR_10B 5","AMECAN",2019,44.794942,-71.146683,93,119,26,98,23.5,121.5,3.53553390593274,"shrub"
"AMECAN_GR_10B",5,-7.8,-0.80538862484012,"AMECAN_GR_10B 5","AMECAN",2018,44.794942,-71.146683,103,124,21,98,23.5,121.5,3.53553390593274,"shrub"
"BETPAP_HF_16",5,138.04,6.20322033093667,"BETPAP_HF_16 5","BETPAP",2019,42.531705,-72.18992,103,119,16,105,16.5,121.5,3.53553390593274,"tree"
"BETPAP_HF_16",5,138.04,6.20322033093667,"BETPAP_HF_16 5","BETPAP",2018,42.531705,-72.18992,107,124,17,105,16.5,121.5,3.53553390593274,"tree"
"QUERUB_HF_99",5,54.4,9.81595830281922,"QUERUB_HF_99 5","QUERUB",2019,42.531705,-72.18992,135,147,12,124.5,14.5,139,11.3137084989848,"tree"
"QUERUB_HF_99",5,54.4,9.81595830281922,"QUERUB_HF_99 5","QUERUB",2018,42.531705,-72.18992,114,131,17,124.5,14.5,139,11.3137084989848,"tree"
"ACEPEN_WM_5",5,36.6,3.33685425714034,"ACEPEN_WM_5 5","ACEPEN",2019,44.112337,-71.230138,97,123,26,100,27,127,5.65685424949238,"tree"
"ACEPEN_WM_5",5,36.6,3.33685425714034,"ACEPEN_WM_5 5","ACEPEN",2018,44.112337,-71.230138,103,131,28,100,27,127,5.65685424949238,"tree"
"ALNINC_SH_6",5,359.72,8.01163776500126,"ALNINC_SH_6 5","ALNINC",2019,45.932675,-74.02507,97,112,15,102,16,118,8.48528137423857,"tree"
"ALNINC_SH_6",5,359.72,8.01163776500126,"ALNINC_SH_6 5","ALNINC",2018,45.932675,-74.02507,107,124,17,102,16,118,8.48528137423857,"tree"
"BETALL_SH_9",6,158.1,7.65772457057905,"BETALL_SH_9 6","BETALL",2019,45.932675,-74.02507,112,127,15,113,16,129,2.82842712474619,"tree"
"BETALL_SH_9",6,158.1,7.65772457057905,"BETALL_SH_9 6","BETALL",2018,45.932675,-74.02507,114,131,17,113,16,129,2.82842712474619,"tree"
"BETPOP_GR_5",6,231.4,9.70768178960846,"BETPOP_GR_5 6","BETPOP",2019,44.794942,-71.146683,112,127,15,111,14.5,125.5,2.12132034355964,"tree"
"BETPOP_GR_5",6,231.4,9.70768178960846,"BETPOP_GR_5 6","BETPOP",2018,44.794942,-71.146683,110,124,14,111,14.5,125.5,2.12132034355964,"tree"
"BETPOP_GR_3",6,261.92,10.0513464391284,"BETPOP_GR_3 6","BETPOP",2019,44.794942,-71.146683,100,112,12,101.5,16.5,118,8.48528137423857,"tree"
"BETPOP_GR_3",6,261.92,10.0513464391284,"BETPOP_GR_3 6","BETPOP",2018,44.794942,-71.146683,103,124,21,101.5,16.5,118,8.48528137423857,"tree"
"AMECAN_SH_4",6,88,6.5058756614115,"AMECAN_SH_4 6","AMECAN",2019,45.932675,-74.02507,93,112,19,98,20,118,8.48528137423857,"shrub"
"AMECAN_SH_4",6,88,6.5058756614115,"AMECAN_SH_4 6","AMECAN",2018,45.932675,-74.02507,103,124,21,98,20,118,8.48528137423857,"shrub"
"BETPAP_GR_8",6,22.9,4.61011918053772,"BETPAP_GR_8 6","BETPAP",2019,44.794942,-71.146683,107,135,28,108.5,24.5,133,2.82842712474619,"tree"
"BETPAP_GR_8",6,22.9,4.61011918053772,"BETPAP_GR_8 6","BETPAP",2018,44.794942,-71.146683,110,131,21,108.5,24.5,133,2.82842712474619,"tree"
"BETPOP_HF_3A",6,156.2,8.5993273675748,"BETPOP_HF_3A 6","BETPOP",2019,42.531705,-72.18992,103,115,12,105,14.5,119.5,6.36396103067893,"tree"
"BETPOP_HF_3A",6,156.2,8.5993273675748,"BETPOP_HF_3A 6","BETPOP",2018,42.531705,-72.18992,107,124,17,105,14.5,119.5,6.36396103067893,"tree"
"BETPOP_HF_3B",6,221,5.5782787279583,"BETPOP_HF_3B 6","BETPOP",2019,42.531705,-72.18992,103,119,16,106.5,15,121.5,3.53553390593274,"tree"
"BETPOP_HF_3B",6,221,5.5782787279583,"BETPOP_HF_3B 6","BETPOP",2018,42.531705,-72.18992,110,124,14,106.5,15,121.5,3.53553390593274,"tree"
"BETALL_SH_5",6,-15.1,-2.31385356209314,"BETALL_SH_5 6","BETALL",2019,45.932675,-74.02507,107,119,12,108.5,16.5,125,8.48528137423857,"tree"
"BETALL_SH_5",6,-15.1,-2.31385356209314,"BETALL_SH_5 6","BETALL",2018,45.932675,-74.02507,110,131,21,108.5,16.5,125,8.48528137423857,"tree"
"BETPAP_HF_16A",6,173.2,8.50389052956877,"BETPAP_HF_16A 6","BETPAP",2019,42.531705,-72.18992,100,115,15,100,19.5,119.5,6.36396103067893,"tree"
"BETPAP_HF_16A",6,173.2,8.50389052956877,"BETPAP_HF_16A 6","BETPAP",2018,42.531705,-72.18992,100,124,24,100,19.5,119.5,6.36396103067893,"tree"
"BETPOP_HF_5",6,257.6,7.66903383470661,"BETPOP_HF_5 6","BETPOP",2019,42.531705,-72.18992,103,119,16,106.5,15,121.5,3.53553390593274,"tree"
"BETPOP_HF_5",6,257.6,7.66903383470661,"BETPOP_HF_5 6","BETPOP",2018,42.531705,-72.18992,110,124,14,106.5,15,121.5,3.53553390593274,"tree"
"ALNINC_HF_5",6,199.2,6.51709990695772,"ALNINC_HF_5 6","ALNINC",2019,42.531705,-72.18992,103,129,26,106.5,22,128.5,0.707106781186548,"tree"
"ALNINC_HF_5",6,199.2,6.51709990695772,"ALNINC_HF_5 6","ALNINC",2018,42.531705,-72.18992,110,128,18,106.5,22,128.5,0.707106781186548,"tree"
"BETALL_SH_2",6,146.3,13.1354377442195,"BETALL_SH_2 6","BETALL",2019,45.932675,-74.02507,100,115,15,105,14.5,119.5,6.36396103067893,"tree"
"BETALL_SH_2",6,146.3,13.1354377442195,"BETALL_SH_2 6","BETALL",2018,45.932675,-74.02507,110,124,14,105,14.5,119.5,6.36396103067893,"tree"
"ALNINC_HF_9",6,180.8,9.41573937183654,"ALNINC_HF_9 6","ALNINC",2019,42.531705,-72.18992,100,123,23,107,16.5,123.5,0.707106781186548,"tree"
"ALNINC_HF_9",6,180.8,9.41573937183654,"ALNINC_HF_9 6","ALNINC",2018,42.531705,-72.18992,114,124,10,107,16.5,123.5,0.707106781186548,"tree"
"BETPAP_HF_16B",6,210.1,11.807184694852,"BETPAP_HF_16B 6","BETPAP",2019,42.531705,-72.18992,103,115,12,103,16.5,119.5,6.36396103067893,"tree"
"BETPAP_HF_16B",6,210.1,11.807184694852,"BETPAP_HF_16B 6","BETPAP",2018,42.531705,-72.18992,103,124,21,103,16.5,119.5,6.36396103067893,"tree"
"AMECAN_GR_10",6,77.4,5.74987567983277,"AMECAN_GR_10 6","AMECAN",2019,44.794942,-71.146683,93,112,19,98,20,118,8.48528137423857,"shrub"
"AMECAN_GR_10",6,77.4,5.74987567983277,"AMECAN_GR_10 6","AMECAN",2018,44.794942,-71.146683,103,124,21,98,20,118,8.48528137423857,"shrub"
"SAMRAC_GR_2",7,84.2,6.16388548087599,"SAMRAC_GR_2 7","SAMRAC",2019,44.794942,-71.146683,93,112,19,87.5,29.5,117,7.07106781186548,"shrub"
"SAMRAC_GR_2",7,84.2,6.16388548087599,"SAMRAC_GR_2 7","SAMRAC",2018,44.794942,-71.146683,82,122,40,87.5,29.5,117,7.07106781186548,"shrub"
"SORAME_GR_9C",7,32.6,7.28692117979357,"SORAME_GR_9C 7","SORAME",2019,44.794942,-71.146683,107,123,16,105,24,129,8.48528137423857,"shrub"
"SORAME_GR_9C",7,32.6,7.28692117979357,"SORAME_GR_9C 7","SORAME",2018,44.794942,-71.146683,103,135,32,105,24,129,8.48528137423857,"shrub"
"SAMRAC_GR_7A",7,49.4,2.71152770500571,"SAMRAC_GR_7A 7","SAMRAC",2019,44.794942,-71.146683,93,112,19,93,24,117,7.07106781186548,"shrub"
"SAMRAC_GR_7A",7,49.4,2.71152770500571,"SAMRAC_GR_7A 7","SAMRAC",2018,44.794942,-71.146683,93,122,29,93,24,117,7.07106781186548,"shrub"
"DIELON_HF_1A",7,31.3,5.40140011434766,"DIELON_HF_1A 7","DIELON",2019,42.531705,-72.18992,93,112,19,93,24,117,7.07106781186548,"shrub"
"DIELON_HF_1A",7,31.3,5.40140011434766,"DIELON_HF_1A 7","DIELON",2018,42.531705,-72.18992,93,122,29,93,24,117,7.07106781186548,"shrub"
"DIELON_GR_5A",7,18.8,4.71604910612709,"DIELON_GR_5A 7","DIELON",2019,44.794942,-71.146683,NA,112,NA,93,38,121.5,13.4350288425444,"shrub"
"DIELON_GR_5A",7,18.8,4.71604910612709,"DIELON_GR_5A 7","DIELON",2018,44.794942,-71.146683,93,131,38,93,38,121.5,13.4350288425444,"shrub"
"DIELON_HF_4",7,39.2,7.86237603625958,"DIELON_HF_4 7","DIELON",2019,42.531705,-72.18992,NA,112,NA,100,24,118,8.48528137423857,"shrub"
"DIELON_HF_4",7,39.2,7.86237603625958,"DIELON_HF_4 7","DIELON",2018,42.531705,-72.18992,100,124,24,100,24,118,8.48528137423857,"shrub"
"SORAME_SH_3",7,3.6,0.717439048588417,"SORAME_SH_3 7","SORAME",2019,45.932675,-74.02507,107,119,12,108.5,16.5,125,8.48528137423857,"shrub"
"SORAME_SH_3",7,3.6,0.717439048588417,"SORAME_SH_3 7","SORAME",2018,45.932675,-74.02507,110,131,21,108.5,16.5,125,8.48528137423857,"shrub"
"SORAME_GR_9D",7,-37.2,-9.89879088531644,"SORAME_GR_9D 7","SORAME",2019,44.794942,-71.146683,115,135,20,115,20,135,NA,"shrub"
"DIELON_SH_4",7,15.2,1.74353387144778,"DIELON_SH_4 7","DIELON",2019,45.932675,-74.02507,97,112,15,102,16,118,8.48528137423857,"shrub"
"DIELON_SH_4",7,15.2,1.74353387144778,"DIELON_SH_4 7","DIELON",2018,45.932675,-74.02507,107,124,17,102,16,118,8.48528137423857,"shrub"
"DIELON_HF_3",7,25.4,2.59844918164638,"DIELON_HF_3 7","DIELON",2019,42.531705,-72.18992,93,119,26,94.5,26,120.5,2.12132034355964,"shrub"
"DIELON_HF_3",7,25.4,2.59844918164638,"DIELON_HF_3 7","DIELON",2018,42.531705,-72.18992,96,122,26,94.5,26,120.5,2.12132034355964,"shrub"
"DIELON_GR_5B",7,26,3.04660408986199,"DIELON_GR_5B 7","DIELON",2019,44.794942,-71.146683,93,112,19,94.5,22.5,117,7.07106781186548,"shrub"
"DIELON_GR_5B",7,26,3.04660408986199,"DIELON_GR_5B 7","DIELON",2018,44.794942,-71.146683,96,122,26,94.5,22.5,117,7.07106781186548,"shrub"
"SORAME_GR_9A",7,-28.1,-8.22978554732503,"SORAME_GR_9A 7","SORAME",2019,44.794942,-71.146683,119,140,21,107.5,28,135.5,6.36396103067893,"shrub"
"SORAME_GR_9A",7,-28.1,-8.22978554732503,"SORAME_GR_9A 7","SORAME",2018,44.794942,-71.146683,96,131,35,107.5,28,135.5,6.36396103067893,"shrub"
"DIELON_GR_5C",7,35.6,4.14073482644764,"DIELON_GR_5C 7","DIELON",2019,44.794942,-71.146683,93,119,26,100,21.5,121.5,3.53553390593274,"shrub"
"DIELON_GR_5C",7,35.6,4.14073482644764,"DIELON_GR_5C 7","DIELON",2018,44.794942,-71.146683,107,124,17,100,21.5,121.5,3.53553390593274,"shrub"
"DIELON_HF_2",7,8.6,1.88742124596877,"DIELON_HF_2 7","DIELON",2019,42.531705,-72.18992,93,112,19,101.5,18.5,120,11.3137084989848,"shrub"
"DIELON_HF_2",7,8.6,1.88742124596877,"DIELON_HF_2 7","DIELON",2018,42.531705,-72.18992,110,128,18,101.5,18.5,120,11.3137084989848,"shrub"
"DIELON_HF_1B",7,61.8,5.55486394593411,"DIELON_HF_1B 7","DIELON",2019,42.531705,-72.18992,93,112,19,93,24,117,7.07106781186548,"shrub"
"DIELON_HF_1B",7,61.8,5.55486394593411,"DIELON_HF_1B 7","DIELON",2018,42.531705,-72.18992,93,122,29,93,24,117,7.07106781186548,"shrub"
"ACESPI_GR_4",7,23.2,2.41835684326363,"ACESPI_GR_4 7","ACESPI",2019,44.794942,-71.146683,100,112,12,101.5,16.5,118,8.48528137423857,"shrub"
"ACESPI_GR_4",7,23.2,2.41835684326363,"ACESPI_GR_4 7","ACESPI",2018,44.794942,-71.146683,103,124,21,101.5,16.5,118,8.48528137423857,"shrub"
"SORAME_GR_9B",7,83.6,12.9812423544904,"SORAME_GR_9B 7","SORAME",2019,44.794942,-71.146683,97,115,18,100,23,123,11.3137084989848,"shrub"
"SORAME_GR_9B",7,83.6,12.9812423544904,"SORAME_GR_9B 7","SORAME",2018,44.794942,-71.146683,103,131,28,100,23,123,11.3137084989848,"shrub"
"SAMRAC_GR_7B",7,44.4,3.56674943938732,"SAMRAC_GR_7B 7","SAMRAC",2019,44.794942,-71.146683,93,112,19,94.5,23.5,118,8.48528137423857,"shrub"
"SAMRAC_GR_7B",7,44.4,3.56674943938732,"SAMRAC_GR_7B 7","SAMRAC",2018,44.794942,-71.146683,96,124,28,94.5,23.5,118,8.48528137423857,"shrub"
"ACESPI_WM_1",7,-12.4,-2.43381813555201,"ACESPI_WM_1 7","ACESPI",2019,44.112337,-71.230138,NA,147,NA,103,21,135.5,16.2634559672906,"shrub"
"ACESPI_WM_1",7,-12.4,-2.43381813555201,"ACESPI_WM_1 7","ACESPI",2018,44.112337,-71.230138,103,124,21,103,21,135.5,16.2634559672906,"shrub"
"SAMRAC_GR_4",7,194.6,13.4678120754926,"SAMRAC_GR_4 7","SAMRAC",2019,44.794942,-71.146683,93,112,19,93,24,117,7.07106781186548,"shrub"
"SAMRAC_GR_4",7,194.6,13.4678120754926,"SAMRAC_GR_4 7","SAMRAC",2018,44.794942,-71.146683,93,122,29,93,24,117,7.07106781186548,"shrub"
"SAMRAC_GR_9",7,41,2.53659095240161,"SAMRAC_GR_9 7","SAMRAC",2019,44.794942,-71.146683,93,112,19,75.5,42.5,118,8.48528137423857,"shrub"
"SAMRAC_GR_9",7,41,2.53659095240161,"SAMRAC_GR_9 7","SAMRAC",2018,44.794942,-71.146683,58,124,66,75.5,42.5,118,8.48528137423857,"shrub"
"VIBCAS_SH_1A",8,49.6,9.47641261758232,"VIBCAS_SH_1A 8","VIBCAS",2019,45.932675,-74.02507,93,112,19,94.5,22.5,117,7.07106781186548,"shrub"
"VIBCAS_SH_1A",8,49.6,9.47641261758232,"VIBCAS_SH_1A 8","VIBCAS",2018,45.932675,-74.02507,96,122,26,94.5,22.5,117,7.07106781186548,"shrub"
"AROMEL_HF_4",8,51.9,3.83319504161178,"AROMEL_HF_4 8","AROMEL",2019,42.531705,-72.18992,93,119,26,96.5,25,121.5,3.53553390593274,"shrub"
"AROMEL_HF_4",8,51.9,3.83319504161178,"AROMEL_HF_4 8","AROMEL",2018,42.531705,-72.18992,100,124,24,96.5,25,121.5,3.53553390593274,"shrub"
"VIBCAS_SH_5A",8,-0.799999999999997,-0.091533819864873,"VIBCAS_SH_5A 8","VIBCAS",2019,45.932675,-74.02507,103,115,12,106.5,13,119.5,6.36396103067893,"shrub"
"VIBCAS_SH_5A",8,-0.799999999999997,-0.091533819864873,"VIBCAS_SH_5A 8","VIBCAS",2018,45.932675,-74.02507,110,124,14,106.5,13,119.5,6.36396103067893,"shrub"
"MYRGAL_WM_6A",8,5.8,0.965808280057807,"MYRGAL_WM_6A 8","MYRGAL",2019,44.112337,-71.230138,112,119,7,113,8.5,121.5,3.53553390593274,"shrub"
"MYRGAL_WM_6A",8,5.8,0.965808280057807,"MYRGAL_WM_6A 8","MYRGAL",2018,44.112337,-71.230138,114,124,10,113,8.5,121.5,3.53553390593274,"shrub"
"VIBCAS_WM_4",8,46.2,5.51392808754991,"VIBCAS_WM_4 8","VIBCAS",2019,44.112337,-71.230138,107,115,8,110.5,9,119.5,6.36396103067893,"shrub"
"VIBCAS_WM_4",8,46.2,5.51392808754991,"VIBCAS_WM_4 8","VIBCAS",2018,44.112337,-71.230138,114,124,10,110.5,9,119.5,6.36396103067893,"shrub"
"MYRGAL_SH_1",8,36.4,5.03605375792504,"MYRGAL_SH_1 8","MYRGAL",2019,45.932675,-74.02507,112,123,11,113,10.5,123.5,0.707106781186548,"shrub"
"MYRGAL_SH_1",8,36.4,5.03605375792504,"MYRGAL_SH_1 8","MYRGAL",2018,45.932675,-74.02507,114,124,10,113,10.5,123.5,0.707106781186548,"shrub"
"VIBCAS_SH_5B",8,61.2,6.72560546951558,"VIBCAS_SH_5B 8","VIBCAS",2019,45.932675,-74.02507,103,112,9,103,15,118,8.48528137423857,"shrub"
"VIBCAS_SH_5B",8,61.2,6.72560546951558,"VIBCAS_SH_5B 8","VIBCAS",2018,45.932675,-74.02507,103,124,21,103,15,118,8.48528137423857,"shrub"
"AROMEL_HF_10",8,21.2,1.64201015680759,"AROMEL_HF_10 8","AROMEL",2019,42.531705,-72.18992,93,119,26,94.5,27,121.5,3.53553390593274,"shrub"
"AROMEL_HF_10",8,21.2,1.64201015680759,"AROMEL_HF_10 8","AROMEL",2018,42.531705,-72.18992,96,124,28,94.5,27,121.5,3.53553390593274,"shrub"
"AROMEL_WM_7",8,-35.6,-4.99121027816463,"AROMEL_WM_7 8","AROMEL",2019,44.112337,-71.230138,93,115,22,94.5,25,119.5,6.36396103067893,"shrub"
"AROMEL_WM_7",8,-35.6,-4.99121027816463,"AROMEL_WM_7 8","AROMEL",2018,44.112337,-71.230138,96,124,28,94.5,25,119.5,6.36396103067893,"shrub"
"SPIALB_WM_7A",8,87.6,8.84625817230186,"SPIALB_WM_7A 8","SPIALB",2019,44.112337,-71.230138,93,112,19,93,24,117,7.07106781186548,"shrub"
"SPIALB_WM_7A",8,87.6,8.84625817230186,"SPIALB_WM_7A 8","SPIALB",2018,44.112337,-71.230138,93,122,29,93,24,117,7.07106781186548,"shrub"
"VIBCAS_GR_12A",8,93.6,12.7296567581289,"VIBCAS_GR_12A 8","VIBCAS",2019,44.794942,-71.146683,97,112,15,96.5,21.5,118,8.48528137423857,"shrub"
"VIBCAS_GR_12A",8,93.6,12.7296567581289,"VIBCAS_GR_12A 8","VIBCAS",2018,44.794942,-71.146683,96,124,28,96.5,21.5,118,8.48528137423857,"shrub"
"SPITOM_GR_2B",8,42.6,6.41187441629234,"SPITOM_GR_2B 8","SPITOM",2019,44.794942,-71.146683,97,112,15,96.5,25,121.5,13.4350288425444,"shrub"
"SPITOM_GR_2B",8,42.6,6.41187441629234,"SPITOM_GR_2B 8","SPITOM",2018,44.794942,-71.146683,96,131,35,96.5,25,121.5,13.4350288425444,"shrub"
"SPITOM_WM_4A",8,39.8,5.14198308244629,"SPITOM_WM_4A 8","SPITOM",2019,44.112337,-71.230138,97,115,18,95,24.5,119.5,6.36396103067893,"shrub"
"SPITOM_WM_4A",8,39.8,5.14198308244629,"SPITOM_WM_4A 8","SPITOM",2018,44.112337,-71.230138,93,124,31,95,24.5,119.5,6.36396103067893,"shrub"
"SPITOM_HF_6A",8,42.2,5.1400527668337,"SPITOM_HF_6A 8","SPITOM",2019,42.531705,-72.18992,97,115,18,97,18,115,NA,"shrub"
"SPIALB_GR_12A",8,86.8,7.00132075081897,"SPIALB_GR_12A 8","SPIALB",2019,44.794942,-71.146683,93,127,34,91,33.5,124.5,3.53553390593274,"shrub"
"SPIALB_GR_12A",8,86.8,7.00132075081897,"SPIALB_GR_12A 8","SPIALB",2018,44.794942,-71.146683,89,122,33,91,33.5,124.5,3.53553390593274,"shrub"
"VIBCAS_SH_5C",8,43.6,4.51509046609571,"VIBCAS_SH_5C 8","VIBCAS",2019,45.932675,-74.02507,103,112,9,99.5,18.5,118,8.48528137423857,"shrub"
"VIBCAS_SH_5C",8,43.6,4.51509046609571,"VIBCAS_SH_5C 8","VIBCAS",2018,45.932675,-74.02507,96,124,28,99.5,18.5,118,8.48528137423857,"shrub"
"SPIALB_GR_5",8,67.8,6.75905374125439,"SPIALB_GR_5 8","SPIALB",2019,44.794942,-71.146683,93,115,22,94.5,25,119.5,6.36396103067893,"shrub"
"SPIALB_GR_5",8,67.8,6.75905374125439,"SPIALB_GR_5 8","SPIALB",2018,44.794942,-71.146683,96,124,28,94.5,25,119.5,6.36396103067893,"shrub"
"SPIALB_WM_7B",8,58.4,5.62196434528914,"SPIALB_WM_7B 8","SPIALB",2019,44.112337,-71.230138,97,112,15,95,25,120,11.3137084989848,"shrub"
"SPIALB_WM_7B",8,58.4,5.62196434528914,"SPIALB_WM_7B 8","SPIALB",2018,44.112337,-71.230138,93,128,35,95,25,120,11.3137084989848,"shrub"
"SPITOM_GR_2D",8,58.6,9.94542928773904,"SPITOM_GR_2D 8","SPITOM",2019,44.794942,-71.146683,100,119,19,96.5,28.5,125,8.48528137423857,"shrub"
"SPITOM_GR_2D",8,58.6,9.94542928773904,"SPITOM_GR_2D 8","SPITOM",2018,44.794942,-71.146683,93,131,38,96.5,28.5,125,8.48528137423857,"shrub"
"SPITOM_WM_5",8,59.8,7.84465339094733,"SPITOM_WM_5 8","SPITOM",2019,44.112337,-71.230138,97,115,18,95,24.5,119.5,6.36396103067893,"shrub"
"SPITOM_WM_5",8,59.8,7.84465339094733,"SPITOM_WM_5 8","SPITOM",2018,44.112337,-71.230138,93,124,31,95,24.5,119.5,6.36396103067893,"shrub"
"SPIALB_GR_12B",8,76.8,6.45951489223671,"SPIALB_GR_12B 8","SPIALB",2019,44.794942,-71.146683,100,115,15,96.5,23,119.5,6.36396103067893,"shrub"
"SPIALB_GR_12B",8,76.8,6.45951489223671,"SPIALB_GR_12B 8","SPIALB",2018,44.794942,-71.146683,93,124,31,96.5,23,119.5,6.36396103067893,"shrub"
"SPIALB_GR_3",8,70.7,6.40383395966908,"SPIALB_GR_3 8","SPIALB",2019,44.794942,-71.146683,93,112,19,94.5,22.5,117,7.07106781186548,"shrub"
"SPIALB_GR_3",8,70.7,6.40383395966908,"SPIALB_GR_3 8","SPIALB",2018,44.794942,-71.146683,96,122,26,94.5,22.5,117,7.07106781186548,"shrub"
"MYRGAL_SH_2",8,-2.8,-0.421749250507126,"MYRGAL_SH_2 8","MYRGAL",2019,45.932675,-74.02507,112,127,15,114,11.5,125.5,2.12132034355964,"shrub"
"MYRGAL_SH_2",8,-2.8,-0.421749250507126,"MYRGAL_SH_2 8","MYRGAL",2018,45.932675,-74.02507,116,124,8,114,11.5,125.5,2.12132034355964,"shrub"
"VIBCAS_GR_12B",8,30.8,3.47196199984189,"VIBCAS_GR_12B 8","VIBCAS",2019,44.794942,-71.146683,97,112,15,100,17,117,7.07106781186548,"shrub"
"VIBCAS_GR_12B",8,30.8,3.47196199984189,"VIBCAS_GR_12B 8","VIBCAS",2018,44.794942,-71.146683,103,122,19,100,17,117,7.07106781186548,"shrub"
"SPITOM_WM_4B",8,39.6,4.7343809169437,"SPITOM_WM_4B 8","SPITOM",2019,44.112337,-71.230138,97,115,18,96.5,23,119.5,6.36396103067893,"shrub"
"SPITOM_WM_4B",8,39.6,4.7343809169437,"SPITOM_WM_4B 8","SPITOM",2018,44.112337,-71.230138,96,124,28,96.5,23,119.5,6.36396103067893,"shrub"
"SPITOM_HF_13",8,45.6,4.68038348560782,"SPITOM_HF_13 8","SPITOM",2019,42.531705,-72.18992,100,119,19,101.5,20,121.5,3.53553390593274,"shrub"
"SPITOM_HF_13",8,45.6,4.68038348560782,"SPITOM_HF_13 8","SPITOM",2018,42.531705,-72.18992,103,124,21,101.5,20,121.5,3.53553390593274,"shrub"
"SPIALB_HF_2",8,35.7,2.3619237228927,"SPIALB_HF_2 8","SPIALB",2019,42.531705,-72.18992,97,115,18,95,24.5,119.5,6.36396103067893,"shrub"
"SPIALB_HF_2",8,35.7,2.3619237228927,"SPIALB_HF_2 8","SPIALB",2018,42.531705,-72.18992,93,124,31,95,24.5,119.5,6.36396103067893,"shrub"
"VIBCAS_WM_9A",8,41.4,4.23120043346885,"VIBCAS_WM_9A 8","VIBCAS",2019,44.112337,-71.230138,97,112,15,96.5,21.5,118,8.48528137423857,"shrub"
"VIBCAS_WM_9A",8,41.4,4.23120043346885,"VIBCAS_WM_9A 8","VIBCAS",2018,44.112337,-71.230138,96,124,28,96.5,21.5,118,8.48528137423857,"shrub"
"VIBCAS_GR_5",8,73.4,8.31525465246445,"VIBCAS_GR_5 8","VIBCAS",2019,44.794942,-71.146683,103,112,9,106.5,13.5,120,11.3137084989848,"shrub"
"VIBCAS_GR_5",8,73.4,8.31525465246445,"VIBCAS_GR_5 8","VIBCAS",2018,44.794942,-71.146683,110,128,18,106.5,13.5,120,11.3137084989848,"shrub"
"SPITOM_GR_1",8,54.4,7.30008773864103,"SPITOM_GR_1 8","SPITOM",2019,44.794942,-71.146683,97,119,22,100,21.5,121.5,3.53553390593274,"shrub"
"SPITOM_GR_1",8,54.4,7.30008773864103,"SPITOM_GR_1 8","SPITOM",2018,44.794942,-71.146683,103,124,21,100,21.5,121.5,3.53553390593274,"shrub"
"VIBCAS_SH_1B",8,57.2,6.25564517041146,"VIBCAS_SH_1B 8","VIBCAS",2019,45.932675,-74.02507,100,115,15,98,23.5,121.5,9.19238815542512,"shrub"
"VIBCAS_SH_1B",8,57.2,6.25564517041146,"VIBCAS_SH_1B 8","VIBCAS",2018,45.932675,-74.02507,96,128,32,98,23.5,121.5,9.19238815542512,"shrub"
"VIBCAS_WM_9B",8,54.3,6.02392817291481,"VIBCAS_WM_9B 8","VIBCAS",2019,44.112337,-71.230138,103,112,9,98,20,118,8.48528137423857,"shrub"
"VIBCAS_WM_9B",8,54.3,6.02392817291481,"VIBCAS_WM_9B 8","VIBCAS",2018,44.112337,-71.230138,93,124,31,98,20,118,8.48528137423857,"shrub"
"SPIALB_HF_3",8,48.6,3.4392508996685,"SPIALB_HF_3 8","SPIALB",2019,42.531705,-72.18992,93,112,19,94.5,22.5,117,7.07106781186548,"shrub"
"SPIALB_HF_3",8,48.6,3.4392508996685,"SPIALB_HF_3 8","SPIALB",2018,42.531705,-72.18992,96,122,26,94.5,22.5,117,7.07106781186548,"shrub"
"SPIALB_GR_9",8,72.8,6.50697077174495,"SPIALB_GR_9 8","SPIALB",2019,44.794942,-71.146683,93,112,19,93,24,117,7.07106781186548,"shrub"
"SPIALB_GR_9",8,72.8,6.50697077174495,"SPIALB_GR_9 8","SPIALB",2018,44.794942,-71.146683,93,122,29,93,24,117,7.07106781186548,"shrub"
"SPIALB_SH_7B",8,69.8,5.97368506954594,"SPIALB_SH_7B 8","SPIALB",2019,45.932675,-74.02507,93,112,19,91,26,117,7.07106781186548,"shrub"
"SPIALB_SH_7B",8,69.8,5.97368506954594,"SPIALB_SH_7B 8","SPIALB",2018,45.932675,-74.02507,89,122,33,91,26,117,7.07106781186548,"shrub"
"SPITOM_HF_9B",8,62.2,8.33454726295006,"SPITOM_HF_9B 8","SPITOM",2019,42.531705,-72.18992,97,119,22,96.5,25,121.5,3.53553390593274,"shrub"
"SPITOM_HF_9B",8,62.2,8.33454726295006,"SPITOM_HF_9B 8","SPITOM",2018,42.531705,-72.18992,96,124,28,96.5,25,121.5,3.53553390593274,"shrub"
"MYRGAL_WM_6B",8,30.6,4.4628710262842,"MYRGAL_WM_6B 8","MYRGAL",2019,44.112337,-71.230138,112,119,7,111,10.5,121.5,3.53553390593274,"shrub"
"MYRGAL_WM_6B",8,30.6,4.4628710262842,"MYRGAL_WM_6B 8","MYRGAL",2018,44.112337,-71.230138,110,124,14,111,10.5,121.5,3.53553390593274,"shrub"
"ALNINC_SH_8",9,88.73,3.16635423782096,"ALNINC_SH_8 9","ALNINC",2019,45.932675,-74.02507,103,129,26,103,23.5,126.5,3.53553390593274,"tree"
"ALNINC_SH_8",9,88.73,3.16635423782096,"ALNINC_SH_8 9","ALNINC",2018,45.932675,-74.02507,103,124,21,103,23.5,126.5,3.53553390593274,"tree"
"BETPOP_WM_7",9,1.84999999999999,0.119878318804325,"BETPOP_WM_7 9","BETPOP",2019,44.112337,-71.230138,100,112,12,101.5,16.5,118,8.48528137423857,"tree"
"BETPOP_WM_7",9,1.84999999999999,0.119878318804325,"BETPOP_WM_7 9","BETPOP",2018,44.112337,-71.230138,103,124,21,101.5,16.5,118,8.48528137423857,"tree"
"BETALL_WM_8",9,61.4,6.25771778087175,"BETALL_WM_8 9","BETALL",2019,44.112337,-71.230138,107,119,12,105,20,125,8.48528137423857,"tree"
"BETALL_WM_8",9,61.4,6.25771778087175,"BETALL_WM_8 9","BETALL",2018,44.112337,-71.230138,103,131,28,105,20,125,8.48528137423857,"tree"
"BETALL_SH_9",9,24.8,5.00299210779003,"BETALL_SH_9 9","BETALL",2019,45.932675,-74.02507,112,119,7,111,12.5,123.5,6.36396103067893,"tree"
"BETALL_SH_9",9,24.8,5.00299210779003,"BETALL_SH_9 9","BETALL",2018,45.932675,-74.02507,110,128,18,111,12.5,123.5,6.36396103067893,"tree"
"ALNINC_HF_9",9,91.6,3.68472779262594,"ALNINC_HF_9 9","ALNINC",2019,42.531705,-72.18992,100,123,23,105,20.5,125.5,3.53553390593274,"tree"
"ALNINC_HF_9",9,91.6,3.68472779262594,"ALNINC_HF_9 9","ALNINC",2018,42.531705,-72.18992,110,128,18,105,20.5,125.5,3.53553390593274,"tree"
"BETALL_SH_4A",9,79.6,12.4034044849681,"BETALL_SH_4A 9","BETALL",2019,45.932675,-74.02507,107,119,12,105,16.5,121.5,3.53553390593274,"tree"
"BETALL_SH_4A",9,79.6,12.4034044849681,"BETALL_SH_4A 9","BETALL",2018,45.932675,-74.02507,103,124,21,105,16.5,121.5,3.53553390593274,"tree"
"BETALL_SH_4B",9,8.8,2.484613592985,"BETALL_SH_4B 9","BETALL",2019,45.932675,-74.02507,112,119,7,109.5,15.5,125,8.48528137423857,"tree"
"BETALL_SH_4B",9,8.8,2.484613592985,"BETALL_SH_4B 9","BETALL",2018,45.932675,-74.02507,107,131,24,109.5,15.5,125,8.48528137423857,"tree"
"BETPOP_HF_4",9,169.6,8.50907972611303,"BETPOP_HF_4 9","BETPOP",2019,42.531705,-72.18992,107,127,20,110.5,15,125.5,2.12132034355964,"tree"
"BETPOP_HF_4",9,169.6,8.50907972611303,"BETPOP_HF_4 9","BETPOP",2018,42.531705,-72.18992,114,124,10,110.5,15,125.5,2.12132034355964,"tree"
"ACESPI_GR_4",10,-32.2,-9.59350221334602,"ACESPI_GR_4 10","ACESPI",2019,44.794942,-71.146683,107,129,22,105,21.5,126.5,3.53553390593274,"shrub"
"ACESPI_GR_4",10,-32.2,-9.59350221334602,"ACESPI_GR_4 10","ACESPI",2018,44.794942,-71.146683,103,124,21,105,21.5,126.5,3.53553390593274,"shrub"
"SAMRAC_HF_A",10,110.6,5.51221995806954,"SAMRAC_HF_A 10","SAMRAC",2019,42.531705,-72.18992,86,115,29,72,47.5,119.5,6.36396103067893,"shrub"
"SAMRAC_HF_A",10,110.6,5.51221995806954,"SAMRAC_HF_A 10","SAMRAC",2018,42.531705,-72.18992,58,124,66,72,47.5,119.5,6.36396103067893,"shrub"
"DIELON_HF_1",10,10.4,3.52601618551097,"DIELON_HF_1 10","DIELON",2019,42.531705,-72.18992,NA,129,NA,NA,NA,129,NA,"shrub"
"SAMRAC_GR_7",10,11.8,4.99775787579406,"SAMRAC_GR_7 10","SAMRAC",2019,44.794942,-71.146683,93,112,19,75.5,46,121.5,13.4350288425444,"shrub"
"SAMRAC_GR_7",10,11.8,4.99775787579406,"SAMRAC_GR_7 10","SAMRAC",2018,44.794942,-71.146683,58,131,73,75.5,46,121.5,13.4350288425444,"shrub"
"SAMRAC_HF_B",10,51.4,2.88658158424837,"SAMRAC_HF_B 10","SAMRAC",2019,42.531705,-72.18992,86,115,29,72,47.5,119.5,6.36396103067893,"shrub"
"SAMRAC_HF_B",10,51.4,2.88658158424837,"SAMRAC_HF_B 10","SAMRAC",2018,42.531705,-72.18992,58,124,66,72,47.5,119.5,6.36396103067893,"shrub"
"SORAME_SH_3B",10,-36.6,-15.3901544813755,"SORAME_SH_3B 10","SORAME",2019,45.932675,-74.02507,112,119,7,118,7,125,8.48528137423857,"shrub"
"SORAME_SH_3B",10,-36.6,-15.3901544813755,"SORAME_SH_3B 10","SORAME",2018,45.932675,-74.02507,124,131,7,118,7,125,8.48528137423857,"shrub"
"SAMRAC_GR_1",10,1.4,0.657513775627807,"SAMRAC_GR_1 10","SAMRAC",2019,44.794942,-71.146683,97,119,22,97,22,119,NA,"shrub"
"SORAME_GR_9B",10,25.4,4.95558151635202,"SORAME_GR_9B 10","SORAME",2019,44.794942,-71.146683,NA,119,NA,103,28,125,8.48528137423857,"shrub"
"SORAME_GR_9B",10,25.4,4.95558151635202,"SORAME_GR_9B 10","SORAME",2018,44.794942,-71.146683,103,131,28,103,28,125,8.48528137423857,"shrub"
"MYRGAL_WM_6A",11,42.4,6.68174259628565,"MYRGAL_WM_6A 11","MYRGAL",2019,44.112337,-71.230138,112,129,17,113,13.5,126.5,3.53553390593274,"shrub"
"MYRGAL_WM_6A",11,42.4,6.68174259628565,"MYRGAL_WM_6A 11","MYRGAL",2018,44.112337,-71.230138,114,124,10,113,13.5,126.5,3.53553390593274,"shrub"
"SPITOM_GR_1A",11,49.2,7.41086642849064,"SPITOM_GR_1A 11","SPITOM",2019,44.794942,-71.146683,97,119,22,98.5,23,121.5,2.88675134594813,"shrub"
"SPITOM_GR_1A",11,49.2,7.41086642849064,"SPITOM_GR_1A 11","SPITOM",2018,44.794942,-71.146683,100,124,24,98.5,23,121.5,2.88675134594813,"shrub"
"SPIALB_HF_10",11,18.4,1.3877651257767,"SPIALB_HF_10 11","SPIALB",2019,42.531705,-72.18992,97,112,15,96.5,21.5,118,8.48528137423857,"shrub"
"SPIALB_HF_10",11,18.4,1.3877651257767,"SPIALB_HF_10 11","SPIALB",2018,42.531705,-72.18992,96,124,28,96.5,21.5,118,8.48528137423857,"shrub"
"VIBCAS_WM_4",11,15.6,2.08195589878337,"VIBCAS_WM_4 11","VIBCAS",2019,44.112337,-71.230138,100,112,12,98,20,118,8.48528137423857,"shrub"
"VIBCAS_WM_4",11,15.6,2.08195589878337,"VIBCAS_WM_4 11","VIBCAS",2018,44.112337,-71.230138,96,124,28,98,20,118,8.48528137423857,"shrub"
"SPIALB_HF_4A",11,66.2,6.74071033499132,"SPIALB_HF_4A 11","SPIALB",2019,42.531705,-72.18992,93,112,19,93,25,118,8.48528137423857,"shrub"
"SPIALB_HF_4A",11,66.2,6.74071033499132,"SPIALB_HF_4A 11","SPIALB",2018,42.531705,-72.18992,93,124,31,93,25,118,8.48528137423857,"shrub"
"SPIALB_WM_4A",11,66.8,7.13194112505236,"SPIALB_WM_4A 11","SPIALB",2019,44.112337,-71.230138,93,112,19,93,24,117,7.07106781186548,"shrub"
"SPIALB_WM_4A",11,66.8,7.13194112505236,"SPIALB_WM_4A 11","SPIALB",2018,44.112337,-71.230138,93,122,29,93,24,117,7.07106781186548,"shrub"
"MYRGAL_WM_6B",11,17,5.7251919277133,"MYRGAL_WM_6B 11","MYRGAL",2019,44.112337,-71.230138,112,119,7,107.5,14,121.5,3.53553390593274,"shrub"
"MYRGAL_WM_6B",11,17,5.7251919277133,"MYRGAL_WM_6B 11","MYRGAL",2018,44.112337,-71.230138,103,124,21,107.5,14,121.5,3.53553390593274,"shrub"
"SPITOM_SH_99B",11,56.9,7.80678173045807,"SPITOM_SH_99B 11","SPITOM",2019,45.932675,-74.02507,103,119,16,103,18.5,121.5,3.53553390593274,"shrub"
"SPITOM_SH_99B",11,56.9,7.80678173045807,"SPITOM_SH_99B 11","SPITOM",2018,45.932675,-74.02507,103,124,21,103,18.5,121.5,3.53553390593274,"shrub"
"SPITOM_SH_99C",11,63.1,8.64882765162644,"SPITOM_SH_99C 11","SPITOM",2019,45.932675,-74.02507,103,119,16,103,18.5,121.5,3.53553390593274,"shrub"
"SPITOM_SH_99C",11,63.1,8.64882765162644,"SPITOM_SH_99C 11","SPITOM",2018,45.932675,-74.02507,103,124,21,103,18.5,121.5,3.53553390593274,"shrub"
"SPITOM_HF_5",11,7.2,1.40307545735061,"SPITOM_HF_5 11","SPITOM",2019,42.531705,-72.18992,112,150,38,113,33,146,5.65685424949238,"shrub"
"SPITOM_HF_5",11,7.2,1.40307545735061,"SPITOM_HF_5 11","SPITOM",2018,42.531705,-72.18992,114,142,28,113,33,146,5.65685424949238,"shrub"
"SPIALB_WM_4B",11,46.4,5.4786689544634,"SPIALB_WM_4B 11","SPIALB",2019,44.112337,-71.230138,93,112,19,93,24,117,7.07106781186548,"shrub"
"SPIALB_WM_4B",11,46.4,5.4786689544634,"SPIALB_WM_4B 11","SPIALB",2018,44.112337,-71.230138,93,122,29,93,24,117,7.07106781186548,"shrub"
"SPIALB_WM_4C",11,43.2,4.98777285249816,"SPIALB_WM_4C 11","SPIALB",2019,44.112337,-71.230138,93,112,19,93,24,117,7.07106781186548,"shrub"
"SPIALB_WM_4C",11,43.2,4.98777285249816,"SPIALB_WM_4C 11","SPIALB",2018,44.112337,-71.230138,93,122,29,93,24,117,7.07106781186548,"shrub"
"SPITOM_SH_99D",11,68.6,10.5939157551483,"SPITOM_SH_99D 11","SPITOM",2019,45.932675,-74.02507,103,119,16,105,16.5,121.5,3.53553390593274,"shrub"
"SPITOM_SH_99D",11,68.6,10.5939157551483,"SPITOM_SH_99D 11","SPITOM",2018,45.932675,-74.02507,107,124,17,105,16.5,121.5,3.53553390593274,"shrub"
"SPIALB_WM_5",11,62.4,8.49747341097543,"SPIALB_WM_5 11","SPIALB",2019,44.112337,-71.230138,93,112,19,101.5,16.5,118,8.48528137423857,"shrub"
"SPIALB_WM_5",11,62.4,8.49747341097543,"SPIALB_WM_5 11","SPIALB",2018,44.112337,-71.230138,110,124,14,101.5,16.5,118,8.48528137423857,"shrub"
"VIBCAS_WM_9A",11,54.3,6.02392817291481,"VIBCAS_WM_9A 11","VIBCAS",2019,44.112337,-71.230138,103,119,16,106.5,15,121.5,3.53553390593274,"shrub"
"VIBCAS_WM_9A",11,54.3,6.02392817291481,"VIBCAS_WM_9A 11","VIBCAS",2018,44.112337,-71.230138,110,124,14,106.5,15,121.5,3.53553390593274,"shrub"
"SPITOM_SH_99E",11,68.6,10.2477137486822,"SPITOM_SH_99E 11","SPITOM",2019,45.932675,-74.02507,97,119,22,100,21.5,121.5,3.53553390593274,"shrub"
"SPITOM_SH_99E",11,68.6,10.2477137486822,"SPITOM_SH_99E 11","SPITOM",2018,45.932675,-74.02507,103,124,21,100,21.5,121.5,3.53553390593274,"shrub"
"SPIALB_HF_4B",11,65.1,6.51384452197971,"SPIALB_HF_4B 11","SPIALB",2019,42.531705,-72.18992,100,115,15,96.5,23,119.5,6.36396103067893,"shrub"
"SPIALB_HF_4B",11,65.1,6.51384452197971,"SPIALB_HF_4B 11","SPIALB",2018,42.531705,-72.18992,93,124,31,96.5,23,119.5,6.36396103067893,"shrub"
"VIBCAS_WM_9B",11,18.7,3.39245308803449,"VIBCAS_WM_9B 11","VIBCAS",2019,44.112337,-71.230138,97,112,15,103.5,14.5,118,8.48528137423857,"shrub"
"VIBCAS_WM_9B",11,18.7,3.39245308803449,"VIBCAS_WM_9B 11","VIBCAS",2018,44.112337,-71.230138,110,124,14,103.5,14.5,118,8.48528137423857,"shrub"
"SPITOM_SH_99F",11,56.2,7.4493247987747,"SPITOM_SH_99F 11","SPITOM",2019,45.932675,-74.02507,103,135,32,99.5,30,129.5,7.77817459305202,"shrub"
"SPITOM_SH_99F",11,56.2,7.4493247987747,"SPITOM_SH_99F 11","SPITOM",2018,45.932675,-74.02507,96,124,28,99.5,30,129.5,7.77817459305202,"shrub"
"AROMEL_WM_5",11,7.4,1.31628442478436,"AROMEL_WM_5 11","AROMEL",2019,44.112337,-71.230138,103,119,16,99.5,22,121.5,3.53553390593274,"shrub"
"AROMEL_WM_5",11,7.4,1.31628442478436,"AROMEL_WM_5 11","AROMEL",2018,44.112337,-71.230138,96,124,28,99.5,22,121.5,3.53553390593274,"shrub"
"VIBCAS_SH_9",11,8.8,3.47196199984189,"VIBCAS_SH_9 11","VIBCAS",2019,45.932675,-74.02507,100,119,19,98,23.5,121.5,3.53553390593274,"shrub"
"VIBCAS_SH_9",11,8.8,3.47196199984189,"VIBCAS_SH_9 11","VIBCAS",2018,45.932675,-74.02507,96,124,28,98,23.5,121.5,3.53553390593274,"shrub"
"VIBCAS_GR_10",11,73.4,8.41629203105136,"VIBCAS_GR_10 11","VIBCAS",2019,44.794942,-71.146683,100,115,15,101.5,17,118.5,4.94974746830583,"shrub"
"VIBCAS_GR_10",11,73.4,8.41629203105136,"VIBCAS_GR_10 11","VIBCAS",2018,44.794942,-71.146683,103,122,19,101.5,17,118.5,4.94974746830583,"shrub"
"SPITOM_GR_1A",11,66.2,9.07322061891394,"SPITOM_GR_1A 11","SPITOM",2019,44.794942,-71.146683,97,119,22,98.5,23,121.5,2.88675134594813,"shrub"
"SPITOM_GR_1A",11,66.2,9.07322061891394,"SPITOM_GR_1A 11","SPITOM",2018,44.794942,-71.146683,100,124,24,98.5,23,121.5,2.88675134594813,"shrub"
"SPITOM_GR_1B",11,68.8,9.82042109436936,"SPITOM_GR_1B 11","SPITOM",2019,44.794942,-71.146683,100,115,15,100,19.5,119.5,6.36396103067893,"shrub"
"SPITOM_GR_1B",11,68.8,9.82042109436936,"SPITOM_GR_1B 11","SPITOM",2018,44.794942,-71.146683,100,124,24,100,19.5,119.5,6.36396103067893,"shrub"
"SPITOM_HF_6",11,-6.1,-1.8509548367668,"SPITOM_HF_6 11","SPITOM",2019,42.531705,-72.18992,112,155,43,112,43,155,NA,"shrub"
"AROMEL_HF_8A",11,16.8,2.202066916409,"AROMEL_HF_8A 11","AROMEL",2019,42.531705,-72.18992,93,119,26,93,26,119,NA,"shrub"
"AROMEL_HF_8B",11,-0.800000000000011,-0.0514801651740093,"AROMEL_HF_8B 11","AROMEL",2019,42.531705,-72.18992,97,115,18,97,18,115,NA,"shrub"
"VIBCAS_WM_10",11,9.9,1.77089366963652,"VIBCAS_WM_10 11","VIBCAS",2019,44.112337,-71.230138,100,112,12,98,19,117,7.07106781186548,"shrub"
"VIBCAS_WM_10",11,9.9,1.77089366963652,"VIBCAS_WM_10 11","VIBCAS",2018,44.112337,-71.230138,96,122,26,98,19,117,7.07106781186548,"shrub"
"AROMEL_HF_12",11,-0.400000000000006,-0.0433840159859766,"AROMEL_HF_12 11","AROMEL",2019,42.531705,-72.18992,93,115,22,93,22,115,NA,"shrub"
"ALNINC_SH_1",12,88.04,2.81134132736509,"ALNINC_SH_1 12","ALNINC",2019,45.932675,-74.02507,103,123,20,106.5,17,123.5,0.707106781186548,"tree"
"ALNINC_SH_1",12,88.04,2.81134132736509,"ALNINC_SH_1 12","ALNINC",2018,45.932675,-74.02507,110,124,14,106.5,17,123.5,0.707106781186548,"tree"
"ACEPEN_HF_12",12,20.4,1.27833371509885,"ACEPEN_HF_12 12","ACEPEN",2019,42.531705,-72.18992,97,123,26,103.5,23.5,127,5.65685424949238,"tree"
"ACEPEN_HF_12",12,20.4,1.27833371509885,"ACEPEN_HF_12 12","ACEPEN",2018,42.531705,-72.18992,110,131,21,103.5,23.5,127,5.65685424949238,"tree"
"BETPOP_GR_5A",12,90.53,6.27990707911902,"BETPOP_GR_5A 12","BETPOP",2019,44.794942,-71.146683,NA,127,NA,110,14,125.5,2.12132034355964,"tree"
"BETPOP_GR_5A",12,90.53,6.27990707911902,"BETPOP_GR_5A 12","BETPOP",2018,44.794942,-71.146683,110,124,14,110,14,125.5,2.12132034355964,"tree"
"BETPOP_GR_5B",12,182.55,8.03918992199708,"BETPOP_GR_5B 12","BETPOP",2019,44.794942,-71.146683,107,119,12,108.5,13,121.5,3.53553390593274,"tree"
"BETPOP_GR_5B",12,182.55,8.03918992199708,"BETPOP_GR_5B 12","BETPOP",2018,44.794942,-71.146683,110,124,14,108.5,13,121.5,3.53553390593274,"tree"
"BETPAP_HF_16",12,124.2,10.1314055786407,"BETPAP_HF_16 12","BETPAP",2019,42.531705,-72.18992,103,119,16,106.5,15,121.5,3.53553390593274,"tree"
"BETPAP_HF_16",12,124.2,10.1314055786407,"BETPAP_HF_16 12","BETPAP",2018,42.531705,-72.18992,110,124,14,106.5,15,121.5,3.53553390593274,"tree"
"ALNINC_HF_8",12,209.2,6.45223192278362,"ALNINC_HF_8 12","ALNINC",2019,42.531705,-72.18992,103,127,24,106.5,19,125.5,2.12132034355964,"tree"
"ALNINC_HF_8",12,209.2,6.45223192278362,"ALNINC_HF_8 12","ALNINC",2018,42.531705,-72.18992,110,124,14,106.5,19,125.5,2.12132034355964,"tree"
"BETALL_WM_8A",12,88,7.35449560250634,"BETALL_WM_8A 12","BETALL",2019,44.112337,-71.230138,107,115,8,108.5,20,128.5,19.0918830920368,"tree"
"BETALL_WM_8A",12,88,7.35449560250634,"BETALL_WM_8A 12","BETALL",2018,44.112337,-71.230138,110,142,32,108.5,20,128.5,19.0918830920368,"tree"
"BETPAP_GR_8",12,74.6,11.1496142666964,"BETPAP_GR_8 12","BETPAP",2019,44.794942,-71.146683,107,115,8,108.5,11,119.5,6.36396103067893,"tree"
"BETPAP_GR_8",12,74.6,11.1496142666964,"BETPAP_GR_8 12","BETPAP",2018,44.794942,-71.146683,110,124,14,108.5,11,119.5,6.36396103067893,"tree"
"BETPOP_GR_5C",12,101.8,8.96146165781687,"BETPOP_GR_5C 12","BETPOP",2019,44.794942,-71.146683,107,127,20,110.5,15,125.5,2.12132034355964,"tree"
"BETPOP_GR_5C",12,101.8,8.96146165781687,"BETPOP_GR_5C 12","BETPOP",2018,44.794942,-71.146683,114,124,10,110.5,15,125.5,2.12132034355964,"tree"
"SAMRAC_HF_A",13,220.2,8.21674755499306,"SAMRAC_HF_A 13","SAMRAC",2019,42.531705,-72.18992,86,115,29,72,47.5,119.5,6.36396103067893,"shrub"
"SAMRAC_HF_A",13,220.2,8.21674755499306,"SAMRAC_HF_A 13","SAMRAC",2018,42.531705,-72.18992,58,124,66,72,47.5,119.5,6.36396103067893,"shrub"
"DIELON_WM_1A",13,54.2,7.26063995573087,"DIELON_WM_1A 13","DIELON",2019,44.112337,-71.230138,97,112,15,91.5,25.5,117,7.07106781186548,"shrub"
"DIELON_WM_1A",13,54.2,7.26063995573087,"DIELON_WM_1A 13","DIELON",2018,44.112337,-71.230138,86,122,36,91.5,25.5,117,7.07106781186548,"shrub"
"SAMRAC_HF_B",13,138.2,5.80046000657177,"SAMRAC_HF_B 13","SAMRAC",2019,42.531705,-72.18992,86,119,33,72,49.5,121.5,3.53553390593274,"shrub"
"SAMRAC_HF_B",13,138.2,5.80046000657177,"SAMRAC_HF_B 13","SAMRAC",2018,42.531705,-72.18992,58,124,66,72,49.5,121.5,3.53553390593274,"shrub"
"DIELON_HF_2A",13,-10.4,-0.79919623175873,"DIELON_HF_2A 13","DIELON",2019,42.531705,-72.18992,NA,115,NA,96,46,128.5,19.0918830920368,"shrub"
"DIELON_HF_2A",13,-10.4,-0.79919623175873,"DIELON_HF_2A 13","DIELON",2018,42.531705,-72.18992,96,142,46,96,46,128.5,19.0918830920368,"shrub"
"SORAME_SH_1A",13,-4.2,-0.975250201338778,"SORAME_SH_1A 13","SORAME",2019,45.932675,-74.02507,97,115,18,103.5,19.5,123,11.3137084989848,"shrub"
"SORAME_SH_1A",13,-4.2,-0.975250201338778,"SORAME_SH_1A 13","SORAME",2018,45.932675,-74.02507,110,131,21,103.5,19.5,123,11.3137084989848,"shrub"
"SORAME_SH_1B",13,-7.1,-1.2571792798904,"SORAME_SH_1B 13","SORAME",2019,45.932675,-74.02507,97,115,18,103.5,19.5,123,11.3137084989848,"shrub"
"SORAME_SH_1B",13,-7.1,-1.2571792798904,"SORAME_SH_1B 13","SORAME",2018,45.932675,-74.02507,110,131,21,103.5,19.5,123,11.3137084989848,"shrub"
"DIELON_GR_8",13,38.6,4.87760350834995,"DIELON_GR_8 13","DIELON",2019,44.794942,-71.146683,93,119,26,96.5,25,121.5,3.53553390593274,"shrub"
"DIELON_GR_8",13,38.6,4.87760350834995,"DIELON_GR_8 13","DIELON",2018,44.794942,-71.146683,100,124,24,96.5,25,121.5,3.53553390593274,"shrub"
"DIELON_HF_2B",13,9.40000000000001,1.33912417586266,"DIELON_HF_2B 13","DIELON",2019,42.531705,-72.18992,100,127,27,100,27,127,NA,"shrub"
"DIELON_HF_2C",13,9.8,1.0887545776527,"DIELON_HF_2C 13","DIELON",2019,42.531705,-72.18992,93,115,22,94.5,30.5,125,14.142135623731,"shrub"
"DIELON_HF_2C",13,9.8,1.0887545776527,"DIELON_HF_2C 13","DIELON",2018,42.531705,-72.18992,96,135,39,94.5,30.5,125,14.142135623731,"shrub"
"DIELON_WM_1B",13,47.6,5.73938047076047,"DIELON_WM_1B 13","DIELON",2019,44.112337,-71.230138,93,115,22,94.5,25,119.5,6.36396103067893,"shrub"
"DIELON_WM_1B",13,47.6,5.73938047076047,"DIELON_WM_1B 13","DIELON",2018,44.112337,-71.230138,96,124,28,94.5,25,119.5,6.36396103067893,"shrub"
"SAMRAC_GR_8",13,152.6,7.66661536765743,"SAMRAC_GR_8 13","SAMRAC",2019,44.794942,-71.146683,NA,112,NA,58,64,117,7.07106781186548,"shrub"
"SAMRAC_GR_8",13,152.6,7.66661536765743,"SAMRAC_GR_8 13","SAMRAC",2018,44.794942,-71.146683,58,122,64,58,64,117,7.07106781186548,"shrub"
"DIELON_SH_2A",13,23.2,2.3211222129697,"DIELON_SH_2A 13","DIELON",2019,45.932675,-74.02507,93,112,19,94.5,23.5,118,8.48528137423857,"shrub"
"DIELON_SH_2A",13,23.2,2.3211222129697,"DIELON_SH_2A 13","DIELON",2018,45.932675,-74.02507,96,124,28,94.5,23.5,118,8.48528137423857,"shrub"
"DIELON_SH_4",13,18,2.62364264467491,"DIELON_SH_4 13","DIELON",2019,45.932675,-74.02507,93,112,19,93,19,112,NA,"shrub"
"DIELON_SH_2B",13,46.6,5.51016504349237,"DIELON_SH_2B 13","DIELON",2019,45.932675,-74.02507,93,119,26,93,27.5,120.5,2.12132034355964,"shrub"
"DIELON_SH_2B",13,46.6,5.51016504349237,"DIELON_SH_2B 13","DIELON",2018,45.932675,-74.02507,93,122,29,93,27.5,120.5,2.12132034355964,"shrub"
"SAMRAC_HF_C",13,104.6,4.61418677497329,"SAMRAC_HF_C 13","SAMRAC",2019,42.531705,-72.18992,86,115,29,86,33.5,119.5,6.36396103067893,"shrub"
"SAMRAC_HF_C",13,104.6,4.61418677497329,"SAMRAC_HF_C 13","SAMRAC",2018,42.531705,-72.18992,86,124,38,86,33.5,119.5,6.36396103067893,"shrub"
"SORAME_SH_3",13,-19.6,-6.83096844706444,"SORAME_SH_3 13","SORAME",2019,45.932675,-74.02507,119,140,21,119,21,140,NA,"shrub"
"SAMRAC_HF_D",13,124.5,4.88812961203232,"SAMRAC_HF_D 13","SAMRAC",2019,42.531705,-72.18992,86,115,29,86,33.5,119.5,6.36396103067893,"shrub"
"SAMRAC_HF_D",13,124.5,4.88812961203232,"SAMRAC_HF_D 13","SAMRAC",2018,42.531705,-72.18992,86,124,38,86,33.5,119.5,6.36396103067893,"shrub"
"DIELON_WM_1C",13,62.6,7.37447439456525,"DIELON_WM_1C 13","DIELON",2019,44.112337,-71.230138,93,115,22,98,21.5,119.5,6.36396103067893,"shrub"
"DIELON_WM_1C",13,62.6,7.37447439456525,"DIELON_WM_1C 13","DIELON",2018,44.112337,-71.230138,103,124,21,98,21.5,119.5,6.36396103067893,"shrub"
"MYRGAL_WM_6",14,13.2,3.47196199984189,"MYRGAL_WM_6 14","MYRGAL",2019,44.112337,-71.230138,107,119,12,107,12,119,NA,"shrub"
"VIBCAS_WM_7",14,19.6,6.28608659422374,"VIBCAS_WM_7 14","VIBCAS",2019,44.112337,-71.230138,100,119,19,100,19,119,NA,"shrub"
"AROMEL_WM_2",14,16.8,4.67340511826252,"AROMEL_WM_2 14","AROMEL",2019,44.112337,-71.230138,97,115,18,97,18,115,NA,"shrub"
"VIBCAS_GR_3",14,52.2,8.2391741174314,"VIBCAS_GR_3 14","VIBCAS",2019,44.794942,-71.146683,97,115,18,97,18,115,NA,"shrub"
"AROMEL_HF_13",14,12.8,1.87133113791177,"AROMEL_HF_13 14","AROMEL",2019,42.531705,-72.18992,93,115,22,93,22,115,NA,"shrub"
"DIELON_GR_6",14,11.2,1.71674216084729,"DIELON_GR_6 14","DIELON",2019,44.794942,-71.146683,97,115,18,97,18,115,NA,"shrub"
"DIELON_GR_2",14,6.7,0.976740827336702,"DIELON_GR_2 14","DIELON",2019,44.794942,-71.146683,97,115,18,97,18,115,NA,"shrub"
"AROMEL_HF_12",14,27,3.82208245943898,"AROMEL_HF_12 14","AROMEL",2019,42.531705,-72.18992,93,115,22,93,22,115,NA,"shrub"
"MYRGAL_SH_99",14,-12.2,-2.10759492114488,"MYRGAL_SH_99 14","MYRGAL",2019,45.932675,-74.02507,107,119,12,107,12,119,NA,"shrub"
"DIELON_SH_4",14,35.9,7.67484800205777,"DIELON_SH_4 14","DIELON",2019,45.932675,-74.02507,93,112,19,93,19,112,NA,"shrub"
"SORAME_SH_3",14,26.6,8.34612700859888,"SORAME_SH_3 14","SORAME",2019,45.932675,-74.02507,112,127,15,112,15,127,NA,"shrub"
"BETALL_GR_13",15,52.2,4.88846717047216,"BETALL_GR_13 15","BETALL",2019,44.794942,-71.146683,107,119,12,105,20,125,8.48528137423857,"tree"
"BETALL_GR_13",15,52.2,4.88846717047216,"BETALL_GR_13 15","BETALL",2018,44.794942,-71.146683,103,131,28,105,20,125,8.48528137423857,"tree"
"BETALL_GR_14",15,24.4,2.70357288794475,"BETALL_GR_14 15","BETALL",2019,44.794942,-71.146683,107,119,12,107,12,119,NA,"tree"
"ALNINC_SH_4",15,127.34,5.18933690019088,"ALNINC_SH_4 15","ALNINC",2019,45.932675,-74.02507,97,115,18,103.5,16,119.5,6.36396103067893,"tree"
"ALNINC_SH_4",15,127.34,5.18933690019088,"ALNINC_SH_4 15","ALNINC",2018,45.932675,-74.02507,110,124,14,103.5,16,119.5,6.36396103067893,"tree"
"BETPOP_WM_9",15,100.6,7.78400572918677,"BETPOP_WM_9 15","BETPOP",2019,44.112337,-71.230138,107,115,8,105,14.5,119.5,6.36396103067893,"tree"
"BETPOP_WM_9",15,100.6,7.78400572918677,"BETPOP_WM_9 15","BETPOP",2018,44.112337,-71.230138,103,124,21,105,14.5,119.5,6.36396103067893,"tree"
"AMECAN_SH_3",15,41.1,6.00838503759377,"AMECAN_SH_3 15","AMECAN",2019,45.932675,-74.02507,93,112,19,98,20,118,8.48528137423857,"shrub"
"AMECAN_SH_3",15,41.1,6.00838503759377,"AMECAN_SH_3 15","AMECAN",2018,45.932675,-74.02507,103,124,21,98,20,118,8.48528137423857,"shrub"
"ALNINC_GR_11",15,198.13,12.8668593591553,"ALNINC_GR_11 15","ALNINC",2019,44.794942,-71.146683,93,119,26,98,23.5,121.5,3.53553390593274,"tree"
"ALNINC_GR_11",15,198.13,12.8668593591553,"ALNINC_GR_11 15","ALNINC",2018,44.794942,-71.146683,103,124,21,98,23.5,121.5,3.53553390593274,"tree"
"QUEALB_HF_4",15,7.6,1.84991785349833,"QUEALB_HF_4 15","QUEALB",2019,42.531705,-72.18992,119,140,21,119,21,140,NA,"tree"
"ALNINC_HF_9",15,100.88,3.14858936353293,"ALNINC_HF_9 15","ALNINC",2019,42.531705,-72.18992,97,119,22,103.5,17,120.5,2.12132034355964,"tree"
"ALNINC_HF_9",15,100.88,3.14858936353293,"ALNINC_HF_9 15","ALNINC",2018,42.531705,-72.18992,110,122,12,103.5,17,120.5,2.12132034355964,"tree"
"BETPOP_WM_7",15,151,5.75235403352048,"BETPOP_WM_7 15","BETPOP",2019,44.112337,-71.230138,103,119,16,103,18.5,121.5,3.53553390593274,"tree"
"BETPOP_WM_7",15,151,5.75235403352048,"BETPOP_WM_7 15","BETPOP",2018,44.112337,-71.230138,103,124,21,103,18.5,121.5,3.53553390593274,"tree"
"BETPOP_WM_8",15,82.6,5.3273045915404,"BETPOP_WM_8 15","BETPOP",2019,44.112337,-71.230138,100,119,19,101.5,20,121.5,3.53553390593274,"tree"
"BETPOP_WM_8",15,82.6,5.3273045915404,"BETPOP_WM_8 15","BETPOP",2018,44.112337,-71.230138,103,124,21,101.5,20,121.5,3.53553390593274,"tree"
"BETPOP_WM_8",16,74,3.47645537219338,"BETPOP_WM_8 16","BETPOP",2019,44.112337,-71.230138,97,115,18,97,18,115,NA,"tree"
"QUEALB_HF_4A",16,-4.2,-1.23323216031999,"QUEALB_HF_4A 16","QUEALB",2019,42.531705,-72.18992,115,127,12,115,12,127,NA,"tree"
"QUEALB_HF_4B",16,-13.6,-4.81303184499669,"QUEALB_HF_4B 16","QUEALB",2019,42.531705,-72.18992,129,147,18,129,18,147,NA,"tree"
"ALNINC_WM_5A",16,149.8,7.82532915610036,"ALNINC_WM_5A 16","ALNINC",2019,44.112337,-71.230138,97,112,15,97,15,112,NA,"tree"
"ALNINC_GR_8",16,145.4,10.7270641833226,"ALNINC_GR_8 16","ALNINC",2019,44.794942,-71.146683,97,127,30,97,30,127,NA,"tree"
"BETPOP_GR_3",16,-28.8,-2.21763288845252,"BETPOP_GR_3 16","BETPOP",2019,44.794942,-71.146683,NA,150,NA,NA,NA,150,NA,"tree"
"ALNINC_SH_3",16,188.8,11.2173470608896,"ALNINC_SH_3 16","ALNINC",2019,45.932675,-74.02507,97,119,22,97,22,119,NA,"tree"
"BETALL_SH_7",16,36.6,3.67538056196103,"BETALL_SH_7 16","BETALL",2019,45.932675,-74.02507,112,119,7,112,7,119,NA,"tree"
"ALNINC_HF_1",16,101.8,9.2222546739397,"ALNINC_HF_1 16","ALNINC",2019,42.531705,-72.18992,107,119,12,107,12,119,NA,"tree"
"BETALL_GR_14",16,6.40000000000001,0.891955788044703,"BETALL_GR_14 16","BETALL",2019,44.794942,-71.146683,97,119,22,97,22,119,NA,"tree"
"ALNINC_WM_5B",16,112.1,8.22117561856905,"ALNINC_WM_5B 16","ALNINC",2019,44.112337,-71.230138,97,123,26,97,26,123,NA,"tree"
